Words,All,Tree Hole,Wailing Wall,Unique Tree Hole,Unique Wailing Wall,Both,Difference
不在  ,1,1,0,1,0,0,100.0
被试,1,1,0,1,0,0,100.0
这样子,1,0,1,0,1,0,100.0
Welcome,1,1,0,1,0,0,100.0
这条路,1,0,1,0,1,0,100.0
螺丝,1,1,0,1,0,0,100.0
蠢,1,1,0,1,0,0,100.0
行事,1,0,1,0,1,0,100.0
行动,1,1,0,1,0,0,100.0
You,1,1,0,1,0,0,100.0
行吗,1,0,1,0,1,0,100.0
这场,1,0,1,0,1,0,100.0
补助,1,1,0,1,0,0,100.0
表示,1,0,1,0,1,0,100.0
袜子,1,1,0,1,0,0,100.0
这几年,1,1,0,1,0,0,100.0
葬礼,1,0,1,0,1,0,100.0
一圈,1,1,0,1,0,0,100.0
这儿,1,0,1,0,1,0,100.0
这件事,1,0,1,0,1,0,100.0
菩萨摩诃萨,1,0,1,0,1,0,100.0
这些话,1,1,0,1,0,0,100.0
舞蹈,1,0,1,0,1,0,100.0
这片,1,0,1,0,1,0,100.0
舞蹈团,1,0,1,0,1,0,100.0
这段时间,1,0,1,0,1,0,100.0
这段,1,1,0,1,0,0,100.0
艹,1,0,1,0,1,0,100.0
这次,1,1,0,1,0,0,100.0
花都,1,0,1,0,1,0,100.0
葬礼  ,1,0,1,0,1,0,100.0
落泪,1,1,0,1,0,0,100.0
苟着,1,1,0,1,0,0,100.0
赶上,1,1,0,1,0,0,100.0
身边,1,0,1,0,1,0,100.0
身陷,1,1,0,1,0,0,100.0
身高,1,0,1,0,1,0,100.0
跟着,1,0,1,0,1,0,100.0
走后,1,0,1,0,1,0,100.0
跑出来,1,1,0,1,0,0,100.0
love,1,1,0,1,0,0,100.0
走掉,1,0,1,0,1,0,100.0
走过,1,0,1,0,1,0,100.0
走过来,1,1,0,1,0,0,100.0
走饭,1,0,1,0,1,0,100.0
赶,1,1,0,1,0,0,100.0
辛酸喜乐,1,0,1,0,1,0,100.0
md,1,1,0,1,0,0,100.0
诧异,1,0,1,0,1,0,100.0
输赢,1,1,0,1,0,0,100.0
起来,1,1,0,1,0,0,100.0
趁着,1,0,1,0,1,0,100.0
超级,1,0,1,0,1,0,100.0
超级舒服,1,1,0,1,0,0,100.0
超能力,1,0,1,0,1,0,100.0
po,1,1,0,1,0,0,100.0
越来越偏,1,1,0,1,0,0,100.0
越来越多,1,0,1,0,1,0,100.0
越来越远,1,1,0,1,0,0,100.0
趟,1,0,1,0,1,0,100.0
足够,1,0,1,0,1,0,100.0
碾压,1,0,1,0,1,0,100.0
苛刻,1,0,1,0,1,0,100.0
这样的话,1,1,0,1,0,0,100.0
祝福你,1,0,1,0,1,0,100.0
解决问题,1,1,0,1,0,0,100.0
要不,1,1,0,1,0,0,100.0
要不然,1,0,1,0,1,0,100.0
这么多次,1,0,1,0,1,0,100.0
一员,1,1,0,1,0,0,100.0
一名,1,0,1,0,1,0,100.0
balabala,1,1,0,1,0,0,100.0
b站,1,0,1,0,1,0,100.0
见过,1,1,0,1,0,0,100.0
见闻,1,0,1,0,1,0,100.0
见面,1,0,1,0,1,0,100.0
规定,1,0,1,0,1,0,100.0
视频,1,1,0,1,0,0,100.0
这个人,1,0,1,0,1,0,100.0
一口气,1,1,0,1,0,0,100.0
这么大,1,0,1,0,1,0,100.0
触动,1,0,1,0,1,0,100.0
言语,1,1,0,1,0,0,100.0
誓,1,1,0,1,0,0,100.0
care,1,1,0,1,0,0,100.0
一半,1,0,1,0,1,0,100.0
讨厌,1,1,0,1,0,0,100.0
碰见,1,0,1,0,1,0,100.0
躲过,1,1,0,1,0,0,100.0
碎碎念,1,0,1,0,1,0,100.0
炫耀,1,1,0,1,0,0,100.0
110,1,0,1,0,1,0,100.0
非读不可,1,1,0,1,0,0,100.0
点子,1,1,0,1,0,0,100.0
西部,1,0,1,0,1,0,100.0
一刹那,1,0,1,0,1,0,100.0
若,1,0,1,0,1,0,100.0
讲述,1,0,1,0,1,0,100.0
一堆,1,0,1,0,1,0,100.0
苦痛,1,0,1,0,1,0,100.0
这样的人,1,0,1,0,1,0,100.0
苦行僧,1,1,0,1,0,0,100.0
苦逼,1,0,1,0,1,0,100.0
草坪,1,0,1,0,1,0,100.0
草莓,1,0,1,0,1,0,100.0
莫,1,0,1,0,1,0,100.0
获奖,1,0,1,0,1,0,100.0
菊花,1,0,1,0,1,0,100.0
这些年,1,0,1,0,1,0,100.0
这一路,1,1,0,1,0,0,100.0
讲笑话,1,0,1,0,1,0,100.0
论,1,0,1,0,1,0,100.0
让给,1,0,1,0,1,0,100.0
一分钱,1,1,0,1,0,0,100.0
设备,1,0,1,0,1,0,100.0
设想,1,1,0,1,0,0,100.0
这一生,1,0,1,0,1,0,100.0
访问,1,0,1,0,1,0,100.0
证明,1,0,1,0,1,0,100.0
评价,1,0,1,0,1,0,100.0
这一年,1,0,1,0,1,0,100.0
一分钟,1,1,0,1,0,0,100.0
一位,1,1,0,1,0,0,100.0
该怎么办,1,0,1,0,1,0,100.0
该死,1,1,0,1,0,0,100.0
记不得,1,1,0,1,0,0,100.0
身段,1,0,1,0,1,0,100.0
身外之物,1,1,0,1,0,0,100.0
身处,1,0,1,0,1,0,100.0
一身,1,0,1,0,1,0,100.0
道坎,1,1,0,1,0,0,100.0
第一名,1,0,1,0,1,0,100.0
985,1,0,1,0,1,0,100.0
第一场,1,0,1,0,1,0,100.0
:,1,1,0,1,0,0,100.0
第一缕,1,0,1,0,1,0,100.0
第七天,1,0,1,0,1,0,100.0
第二,1,1,0,1,0,0,100.0
那一瞬间,1,1,0,1,0,0,100.0
第二天早上,1,0,1,0,1,0,100.0
第五天,1,0,1,0,1,0,100.0
遗言,1,0,1,0,1,0,100.0
@,1,1,0,1,0,0,100.0
等不到,1,0,1,0,1,0,100.0
约定,1,0,1,0,1,0,100.0
C座,1,0,1,0,1,0,100.0
道理,1,1,0,1,0,0,100.0
等等,1,0,1,0,1,0,100.0
答复,1,1,0,1,0,0,100.0
道歉,1,0,1,0,1,0,100.0
道德,1,0,1,0,1,0,100.0
这篇,1,0,1,0,1,0,100.0
This,1,0,1,0,1,0,100.0
调,1,0,1,0,1,0,100.0
调节,1,1,0,1,0,0,100.0
谈完,1,1,0,1,0,0,100.0
谢谢,1,0,1,0,1,0,100.0
谦卑,1,0,1,0,1,0,100.0
遇见,1,1,0,1,0,0,100.0
约,1,0,1,0,1,0,100.0
身体无恙,1,0,1,0,1,0,100.0
粘着,1,0,1,0,1,0,100.0
福报,1,0,1,0,1,0,100.0
七年,1,0,1,0,1,0,100.0
离你过去,1,0,1,0,1,0,100.0
都一样,1,1,0,1,0,0,100.0
私心,1,0,1,0,1,0,100.0
秋天,1,1,0,1,0,0,100.0
部门,1,1,0,1,0,0,100.0
部分,1,0,1,0,1,0,100.0
科研生,1,0,1,0,1,0,100.0
650分,1,1,0,1,0,0,100.0
舒心,1,1,0,1,0,0,100.0
8,1,0,1,0,1,0,100.0
算是,1,0,1,0,1,0,100.0
精力,1,1,0,1,0,0,100.0
红烧土豆叶,1,0,1,0,1,0,100.0
精彩,1,1,0,1,0,0,100.0
逼迫,1,1,0,1,0,0,100.0
逼疯,1,1,0,1,0,0,100.0
It,1,1,0,1,0,0,100.0
逝者,1,0,1,0,1,0,100.0
系,1,1,0,1,0,0,100.0
素不相识,1,0,1,0,1,0,100.0
素质,1,1,0,1,0,0,100.0
紧张,1,1,0,1,0,0,100.0
累了,1,0,1,0,1,0,100.0
繁华,1,0,1,0,1,0,100.0
一走了之,1,0,1,0,1,0,100.0
红烧,1,0,1,0,1,0,100.0
豆浆粉,1,1,0,1,0,0,100.0
象征性,1,1,0,1,0,0,100.0
豹子,1,0,1,0,1,0,100.0
ptsd,1,1,0,1,0,0,100.0
诸如,1,1,0,1,0,0,100.0
还好,1,0,1,0,1,0,100.0
读书,1,1,0,1,0,0,100.0
is,1,0,1,0,1,0,100.0
读博,1,1,0,1,0,0,100.0
一下下,1,0,1,0,1,0,100.0
过阵子,1,1,0,1,0,0,100.0
过程,1,1,0,1,0,0,100.0
一万,1,1,0,1,0,0,100.0
读硕士博士,1,1,0,1,0,0,100.0
这一个,1,1,0,1,0,0,100.0
走人,1,1,0,1,0,0,100.0
life,1,0,1,0,1,0,100.0
跨过,1,1,0,1,0,0,100.0
贡献,1,0,1,0,1,0,100.0
轻松,1,0,1,0,1,0,100.0
the,1,1,0,1,0,0,100.0
sucks,1,1,0,1,0,0,100.0
路边,1,1,0,1,0,0,100.0
sci,1,0,1,0,1,0,100.0
轻描淡写,1,0,1,0,1,0,100.0
跳到,1,0,1,0,1,0,100.0
跳桥自尽,1,0,1,0,1,0,100.0
蹲,1,0,1,0,1,0,100.0
转眼,1,0,1,0,1,0,100.0
re,1,1,0,1,0,0,100.0
身份,1,0,1,0,1,0,100.0
身体,1,1,0,1,0,0,100.0
gonna,1,1,0,1,0,0,100.0
一个月,1,1,0,1,0,0,100.0
fw,1,0,1,0,1,0,100.0
说话,1,1,0,1,0,0,100.0
world,1,1,0,1,0,0,100.0
责备,1,0,1,0,1,0,100.0
责怪,1,1,0,1,0,0,100.0
过来,1,0,1,0,1,0,100.0
账号,1,0,1,0,1,0,100.0
质量,1,1,0,1,0,0,100.0
贪念,1,0,1,0,1,0,100.0
贴吧,1,0,1,0,1,0,100.0
贸易战,1,0,1,0,1,0,100.0
it,1,1,0,1,0,0,100.0
赚钱,1,0,1,0,1,0,100.0
赞同,1,0,1,0,1,0,100.0
过你,1,0,1,0,1,0,100.0
过人,1,0,1,0,1,0,100.0
—,1,0,1,0,1,0,100.0
to,1,1,0,1,0,0,100.0
?,1,1,0,1,0,0,100.0
读硕士,1,1,0,1,0,0,100.0
cpr,1,1,0,1,0,0,100.0
说事,1,1,0,1,0,0,100.0
说些什么,1,1,0,1,0,0,100.0
一些,1,1,0,1,0,0,100.0
说什么时候,1,0,1,0,1,0,100.0
说好,1,0,1,0,1,0,100.0
说实话,1,1,0,1,0,0,100.0
说服,1,0,1,0,1,0,100.0
一事,1,1,0,1,0,0,100.0
非要,1,1,0,1,0,0,100.0
高血压,1,0,1,0,1,0,100.0
非得,1,1,0,1,0,0,100.0
真快,1,0,1,0,1,0,100.0
没用功,1,1,0,1,0,0,100.0
不允许,1,1,0,1,0,0,100.0
猫架,1,0,1,0,1,0,100.0
献,1,0,1,0,1,0,100.0
上研究生,1,0,1,0,1,0,100.0
银河,1,0,1,0,1,0,100.0
上报,1,0,1,0,1,0,100.0
铲屎官,1,0,1,0,1,0,100.0
校内,1,0,1,0,1,0,100.0
看起来,1,1,0,1,0,0,100.0
?,1,0,1,0,1,0,100.0
看轻,1,1,0,1,0,0,100.0
   加油,1,1,0,1,0,0,100.0
上学她,1,0,1,0,1,0,100.0
不戴眼镜,1,0,1,0,1,0,100.0
真棒,1,1,0,1,0,0,100.0
铁粉,1,0,1,0,1,0,100.0
钱,1,1,0,1,0,0,100.0
上个月,1,0,1,0,1,0,100.0
上进,1,0,1,0,1,0,100.0
销,1,1,0,1,0,0,100.0
看了看,1,1,0,1,0,0,100.0
看不清,1,0,1,0,1,0,100.0
框框,1,1,0,1,0,0,100.0
直达,1,1,0,1,0,0,100.0
镇,1,0,1,0,1,0,100.0
根本,1,1,0,1,0,0,100.0
根据,1,1,0,1,0,0,100.0
活动,1,0,1,0,1,0,100.0
不对,1,1,0,1,0,0,100.0
活路,1,0,1,0,1,0,100.0
没能力,1,1,0,1,0,0,100.0
预科,1,1,0,1,0,0,100.0
流泪,1,1,0,1,0,0,100.0
顶着,1,0,1,0,1,0,100.0
浇,1,0,1,0,1,0,100.0
革新,1,1,0,1,0,0,100.0
浙江省,1,1,0,1,0,0,100.0
浪漫,1,0,1,0,1,0,100.0
海底,1,0,1,0,1,0,100.0
每个人,1,0,1,0,1,0,100.0
领域,1,1,0,1,0,0,100.0
活得,1,1,0,1,0,0,100.0
高位,1,1,0,1,0,0,100.0
不小心,1,0,1,0,1,0,100.0
没见得,1,1,0,1,0,0,100.0
不对劲,1,0,1,0,1,0,100.0
不想说,1,0,1,0,1,0,100.0
河,1,1,0,1,0,0,100.0
河口,1,0,1,0,1,0,100.0
治愈,1,0,1,0,1,0,100.0
毕,1,1,0,1,0,0,100.0
沼泽,1,0,1,0,1,0,100.0
法律,1,0,1,0,1,0,100.0
注意,1,0,1,0,1,0,100.0
注销,1,1,0,1,0,0,100.0
泪痕,1,0,1,0,1,0,100.0
泪目,1,0,1,0,1,0,100.0
洗个澡,1,0,1,0,1,0,100.0
洗漱,1,0,1,0,1,0,100.0
默默地,1,0,1,0,1,0,100.0
相信自己,1,1,0,1,0,0,100.0
相反,1,1,0,1,0,0,100.0
?,1,0,1,0,1,0,100.0
树,1,1,0,1,0,0,100.0
眼睛,1,1,0,1,0,0,100.0
眼角,1,0,1,0,1,0,100.0
睡,1,1,0,1,0,0,100.0
睡一觉,1,0,1,0,1,0,100.0
睡着,1,0,1,0,1,0,100.0
真的有,1,0,1,0,1,0,100.0
瞎指挥,1,1,0,1,0,0,100.0
栅栏,1,1,0,1,0,0,100.0
查重率,1,1,0,1,0,0,100.0
知识,1,1,0,1,0,0,100.0
三轮,1,1,0,1,0,0,100.0
重重,1,0,1,0,1,0,100.0
2月底,1,1,0,1,0,0,100.0
错了,1,0,1,0,1,0,100.0
下一世,1,0,1,0,1,0,100.0
键盘,1,0,1,0,1,0,100.0
不想,1,0,1,0,1,0,100.0
次数,1,1,0,1,0,0,100.0
电,1,0,1,0,1,0,100.0
电工,1,1,0,1,0,0,100.0
环节,1,1,0,1,0,0,100.0
黄昏,1,0,1,0,1,0,100.0
陈淞阳,1,0,1,0,1,0,100.0
麻辣藕,1,1,0,1,0,0,100.0
下班,1,1,0,1,0,0,100.0
阿泰,1,1,0,1,0,0,100.0
下济,1,0,1,0,1,0,100.0
树上,1,1,0,1,0,0,100.0
研一,1,1,0,1,0,0,100.0
重视,1,1,0,1,0,0,100.0
确实,1,1,0,1,0,0,100.0
鼓励,1,1,0,1,0,0,100.0
相识,1,0,1,0,1,0,100.0
省心,1,0,1,0,1,0,100.0
看   导师,1,1,0,1,0,0,100.0
看一下,1,0,1,0,1,0,100.0
看一眼,1,0,1,0,1,0,100.0
看不到,1,0,1,0,1,0,100.0
相处,1,1,0,1,0,0,100.0
直觉,1,0,1,0,1,0,100.0
钢琴系,1,1,0,1,0,0,100.0
三途,1,0,1,0,1,0,100.0
三生石,1,0,1,0,1,0,100.0
         该,1,0,1,0,1,0,100.0
研二,1,0,1,0,1,0,100.0
查,1,0,1,0,1,0,100.0
34.6万,1,0,1,0,1,0,100.0
36路,1,1,0,1,0,0,100.0
某天,1,0,1,0,1,0,100.0
重新,1,0,1,0,1,0,100.0
重复性,1,1,0,1,0,0,100.0
研究生们,1,1,0,1,0,0,100.0
研究生导师,1,1,0,1,0,0,100.0
研究生阶段,1,0,1,0,1,0,100.0
?,1,1,0,1,0,0,100.0
某地,1,0,1,0,1,0,100.0
三个,1,1,0,1,0,0,100.0
硕士博士,1,1,0,1,0,0,100.0
流,1,0,1,0,1,0,100.0
高发季节,1,1,0,1,0,0,100.0
烟火味,1,0,1,0,1,0,100.0
此生,1,0,1,0,1,0,100.0
满,1,1,0,1,0,0,100.0
不同意,1,1,0,1,0,0,100.0
不如,1,1,0,1,0,0,100.0
熟,1,0,1,0,1,0,100.0
不到,1,1,0,1,0,0,100.0
特别可爱,1,0,1,0,1,0,100.0
特别好,1,0,1,0,1,0,100.0
不断地,1,0,1,0,1,0,100.0
特别小,1,0,1,0,1,0,100.0
不是事,1,0,1,0,1,0,100.0
高高在上,1,1,0,1,0,0,100.0
步骤,1,1,0,1,0,0,100.0
物理化学,1,0,1,0,1,0,100.0
此时,1,0,1,0,1,0,100.0
不多,1,0,1,0,1,0,100.0
魔鬼,1,0,1,0,1,0,100.0
随和,1,1,0,1,0,0,100.0
独一无二,1,0,1,0,1,0,100.0
陪伴,1,0,1,0,1,0,100.0
不光,1,1,0,1,0,0,100.0
水里,1,0,1,0,1,0,100.0
特殊,1,1,0,1,0,0,100.0
物理,1,1,0,1,0,0,100.0
爸爸妈妈,1,0,1,0,1,0,100.0
爸爸,1,1,0,1,0,0,100.0
熟悉,1,0,1,0,1,0,100.0
需要用,1,1,0,1,0,0,100.0
熬下去,1,0,1,0,1,0,100.0
溜进,1,0,1,0,1,0,100.0
渴了,1,1,0,1,0,0,100.0
活该,1,1,0,1,0,0,100.0
满是,1,0,1,0,1,0,100.0
不断,1,1,0,1,0,0,100.0
烤,1,0,1,0,1,0,100.0
非凡,1,0,1,0,1,0,100.0
热搜,1,1,0,1,0,0,100.0
母猫,1,0,1,0,1,0,100.0
发出去,1,1,0,1,0,0,100.0
不吭声,1,0,1,0,1,0,100.0
母亲,1,0,1,0,1,0,100.0
青春,1,1,0,1,0,0,100.0
照,1,0,1,0,1,0,100.0
12小时,1,1,0,1,0,0,100.0
每一个人,1,1,0,1,0,0,100.0
火锅店,1,1,0,1,0,0,100.0
涓滴,1,1,0,1,0,0,100.0
港湾,1,1,0,1,0,0,100.0
淡然流,1,0,1,0,1,0,100.0
深,1,1,0,1,0,0,100.0
深夜里,1,0,1,0,1,0,100.0
深深,1,0,1,0,1,0,100.0
每一只,1,0,1,0,1,0,100.0
混,1,1,0,1,0,0,100.0
清晨,1,0,1,0,1,0,100.0
面孔,1,0,1,0,1,0,100.0
渐渐,1,1,0,1,0,0,100.0
不好听,1,0,1,0,1,0,100.0
面前,1,1,0,1,0,0,100.0
不够,1,1,0,1,0,0,100.0
   时光,1,1,0,1,0,0,100.0
熬住,1,0,1,0,1,0,100.0
12月份,1,1,0,1,0,0,100.0
熬夜,1,1,0,1,0,0,100.0
汇成,1,1,0,1,0,0,100.0
风景,1,0,1,0,1,0,100.0
高中,1,1,0,1,0,0,100.0
飞出,1,0,1,0,1,0,100.0
没什么大不了,1,1,0,1,0,0,100.0
不幸福,1,1,0,1,0,0,100.0
不开心,1,0,1,0,1,0,100.0
不怕,1,0,1,0,1,0,100.0
氛围,1,0,1,0,1,0,100.0
骗人,1,0,1,0,1,0,100.0
求学,1,1,0,1,0,0,100.0
求救,1,0,1,0,1,0,100.0
求真问道,1,1,0,1,0,0,100.0
气,1,0,1,0,1,0,100.0
',1,1,0,1,0,0,100.0
熬死,1,1,0,1,0,0,100.0
江小白,1,0,1,0,1,0,100.0
汤,1,0,1,0,1,0,100.0
毛茸茸,1,1,0,1,0,0,100.0
骂,1,1,0,1,0,0,100.0
驱魔,1,0,1,0,1,0,100.0
高学历,1,1,0,1,0,0,100.0
没来过,1,0,1,0,1,0,100.0
没看到,1,0,1,0,1,0,100.0
每当,1,1,0,1,0,0,100.0
活成,1,0,1,0,1,0,100.0
活泼,1,0,1,0,1,0,100.0
),1,0,1,0,1,0,100.0
  永远,1,0,1,0,1,0,100.0
毕业更,1,1,0,1,0,0,100.0
没有必要,1,0,1,0,1,0,100.0
没有前途,1,0,1,0,1,0,100.0
不少,1,0,1,0,1,0,100.0
零食,1,0,1,0,1,0,100.0
死神,1,1,0,1,0,0,100.0
雪景,1,0,1,0,1,0,100.0
雏,1,0,1,0,1,0,100.0
难题,1,1,0,1,0,0,100.0
13号凌晨,1,0,1,0,1,0,100.0
死气沉沉,1,1,0,1,0,0,100.0
爱上,1,0,1,0,1,0,100.0
死撑,1,0,1,0,1,0,100.0
140字,1,1,0,1,0,0,100.0
爱着,1,0,1,0,1,0,100.0
难以,1,1,0,1,0,0,100.0
青年,1,0,1,0,1,0,100.0
180,1,0,1,0,1,0,100.0
涅槃重生,1,0,1,0,1,0,100.0
马上,1,0,1,0,1,0,100.0
香,1,1,0,1,0,0,100.0
没想到,1,0,1,0,1,0,100.0
毛洪涛,1,1,0,1,0,0,100.0
饮料,1,0,1,0,1,0,100.0
没日没夜,1,0,1,0,1,0,100.0
不幸,1,0,1,0,1,0,100.0
没有一个人,1,0,1,0,1,0,100.0
食堂,1,0,1,0,1,0,100.0
高个子,1,0,1,0,1,0,100.0
不干,1,0,1,0,1,0,100.0
飘荡,1,0,1,0,1,0,100.0
神,1,0,1,0,1,0,100.0
酸楚,1,0,1,0,1,0,100.0
去世,1,0,1,0,1,0,100.0
姑娘,1,0,1,0,1,0,100.0
付得起,1,0,1,0,1,0,100.0
好人,1,0,1,0,1,0,100.0
付之东流,1,1,0,1,0,0,100.0
好可爱,1,0,1,0,1,0,100.0
好吗,1,0,1,0,1,0,100.0
他自己,1,0,1,0,1,0,100.0
好好过,1,0,1,0,1,0,100.0
好看,1,0,1,0,1,0,100.0
好运,1,0,1,0,1,0,100.0
从来,1,1,0,1,0,0,100.0
妈咪,1,0,1,0,1,0,100.0
介绍,1,0,1,0,1,0,100.0
始终,1,1,0,1,0,0,100.0
娱乐,1,0,1,0,1,0,100.0
哭晕,1,0,1,0,1,0,100.0
婚纱照,1,1,0,1,0,0,100.0
嫌弃,1,0,1,0,1,0,100.0
嬉嬉闹闹,1,0,1,0,1,0,100.0
以上,1,0,1,0,1,0,100.0
奶茶,1,0,1,0,1,0,100.0
奴隶学,1,1,0,1,0,0,100.0
以前,1,0,1,0,1,0,100.0
天气,1,1,0,1,0,0,100.0
天真,1,0,1,0,1,0,100.0
天赋,1,0,1,0,1,0,100.0
天门山,1,1,0,1,0,0,100.0
太久,1,1,0,1,0,0,100.0
太乖,1,0,1,0,1,0,100.0
好一点,1,1,0,1,0,0,100.0
哪怕,1,1,0,1,0,0,100.0
太太太,1,0,1,0,1,0,100.0
做到,1,0,1,0,1,0,100.0
哪天,1,0,1,0,1,0,100.0
功德,1,0,1,0,1,0,100.0
剖析,1,1,0,1,0,0,100.0
分享,1,1,0,1,0,0,100.0
刑法学,1,1,0,1,0,0,100.0
做对,1,0,1,0,1,0,100.0
做好,1,0,1,0,1,0,100.0
刚来,1,1,0,1,0,0,100.0
创新思路,1,0,1,0,1,0,100.0
创造,1,0,1,0,1,0,100.0
删,1,0,1,0,1,0,100.0
做大事,1,0,1,0,1,0,100.0
别  ,1,0,1,0,1,0,100.0
办公室,1,1,0,1,0,0,100.0
极端,1,1,0,1,0,0,100.0
别忘,1,0,1,0,1,0,100.0
别走,1,0,1,0,1,0,100.0
到处,1,1,0,1,0,0,100.0
到家,1,1,0,1,0,0,100.0
到时,1,0,1,0,1,0,100.0
做出来,1,1,0,1,0,0,100.0
刺,1,0,1,0,1,0,100.0
前,1,1,0,1,0,0,100.0
前几年,1,1,0,1,0,0,100.0
前段时间,1,1,0,1,0,0,100.0
前程,1,0,1,0,1,0,100.0
前进,1,0,1,0,1,0,100.0
别死,1,0,1,0,1,0,100.0
太低,1,1,0,1,0,0,100.0
太好了,1,1,0,1,0,0,100.0
醒来,1,0,1,0,1,0,100.0
人家,1,0,1,0,1,0,100.0
实验原理,1,1,0,1,0,0,100.0
亲测,1,1,0,1,0,0,100.0
实验室电脑,1,1,0,1,0,0,100.0
实验楼,1,0,1,0,1,0,100.0
实验设备,1,0,1,0,1,0,100.0
审,1,1,0,1,0,0,100.0
审稿人,1,1,0,1,0,0,100.0
室友,1,0,1,0,1,0,100.0
亲人,1,0,1,0,1,0,100.0
家庭,1,1,0,1,0,0,100.0
宾馆,1,0,1,0,1,0,100.0
宿舍,1,0,1,0,1,0,100.0
完善,1,0,1,0,1,0,100.0
人格分裂,1,1,0,1,0,0,100.0
实际上,1,1,0,1,0,0,100.0
人间烟火,1,0,1,0,1,0,100.0
字,1,0,1,0,1,0,100.0
字字,1,1,0,1,0,0,100.0
今晚,1,0,1,0,1,0,100.0
孝道,1,0,1,0,1,0,100.0
孟婆婆,1,0,1,0,1,0,100.0
孤身,1,0,1,0,1,0,100.0
今早,1,0,1,0,1,0,100.0
学业,1,0,1,0,1,0,100.0
学位,1,1,0,1,0,0,100.0
学位证,1,1,0,1,0,0,100.0
学弟,1,0,1,0,1,0,100.0
今天晚上,1,0,1,0,1,0,100.0
人  ,1,0,1,0,1,0,100.0
实现,1,0,1,0,1,0,100.0
太深,1,0,1,0,1,0,100.0
以及,1,1,0,1,0,0,100.0
太过,1,1,0,1,0,0,100.0
太阳,1,1,0,1,0,0,100.0
子女,1,1,0,1,0,0,100.0
失去,1,1,0,1,0,0,100.0
头像,1,0,1,0,1,0,100.0
夸,1,0,1,0,1,0,100.0
夸奖,1,0,1,0,1,0,100.0
夺回,1,1,0,1,0,0,100.0
奈何桥,1,0,1,0,1,0,100.0
奉献,1,1,0,1,0,0,100.0
奋斗,1,0,1,0,1,0,100.0
奔向,1,0,1,0,1,0,100.0
奖学金,1,1,0,1,0,0,100.0
女中,1,0,1,0,1,0,100.0
实属,1,0,1,0,1,0,100.0
女友,1,1,0,1,0,0,100.0
以往,1,0,1,0,1,0,100.0
天打雷劈,1,0,1,0,1,0,100.0
子民,1,0,1,0,1,0,100.0
孕育,1,0,1,0,1,0,100.0
完整,1,0,1,0,1,0,100.0
完结,1,0,1,0,1,0,100.0
完美,1,1,0,1,0,0,100.0
官方,1,0,1,0,1,0,100.0
宝贝,1,0,1,0,1,0,100.0
宝贵,1,1,0,1,0,0,100.0
实体,1,1,0,1,0,0,100.0
实在,1,0,1,0,1,0,100.0
化工学院,1,0,1,0,1,0,100.0
博士后,1,1,0,1,0,0,100.0
假,1,1,0,1,0,0,100.0
向上,1,1,0,1,0,0,100.0
合格,1,1,0,1,0,0,100.0
合适,1,0,1,0,1,0,100.0
吉他,1,0,1,0,1,0,100.0
同伴,1,0,1,0,1,0,100.0
号,1,1,0,1,0,0,100.0
同岁,1,0,1,0,1,0,100.0
同意,1,1,0,1,0,0,100.0
依旧,1,0,1,0,1,0,100.0
同理心,1,0,1,0,1,0,100.0
供,1,1,0,1,0,0,100.0
使唤,1,1,0,1,0,0,100.0
吐吐槽,1,0,1,0,1,0,100.0
向,1,0,1,0,1,0,100.0
否定,1,1,0,1,0,0,100.0
侥幸,1,1,0,1,0,0,100.0
否极泰来,1,1,0,1,0,0,100.0
同情,1,0,1,0,1,0,100.0
卤菜,1,1,0,1,0,0,100.0
卡,1,1,0,1,0,0,100.0
博硕士,1,1,0,1,0,0,100.0
内卷,1,1,0,1,0,0,100.0
内向,1,0,1,0,1,0,100.0
内心,1,0,1,0,1,0,100.0
再次,1,0,1,0,1,0,100.0
偶像,1,1,0,1,0,0,100.0
写作,1,1,0,1,0,0,100.0
冲,1,0,1,0,1,0,100.0
停止,1,1,0,1,0,0,100.0
各种各样,1,0,1,0,1,0,100.0
各方面,1,1,0,1,0,0,100.0
半年,1,1,0,1,0,0,100.0
咕噜咕噜,1,0,1,0,1,0,100.0
台,1,0,1,0,1,0,100.0
俗世,1,0,1,0,1,0,100.0
呆,1,0,1,0,1,0,100.0
你是谁,1,0,1,0,1,0,100.0
你我他,1,1,0,1,0,0,100.0
呐,1,0,1,0,1,0,100.0
你    ,1,0,1,0,1,0,100.0
呦,1,0,1,0,1,0,100.0
作业,1,1,0,1,0,0,100.0
周遭,1,0,1,0,1,0,100.0
命数,1,0,1,0,1,0,100.0
咋,1,0,1,0,1,0,100.0
咋样,1,1,0,1,0,0,100.0
余,1,0,1,0,1,0,100.0
俏皮,1,1,0,1,0,0,100.0
咱们,1,0,1,0,1,0,100.0
咸鱼,1,0,1,0,1,0,100.0
哈哈,1,1,0,1,0,0,100.0
哈哈哈,1,1,0,1,0,0,100.0
哈尔滨,1,0,1,0,1,0,100.0
哈工大,1,0,1,0,1,0,100.0
哪个,1,0,1,0,1,0,100.0
吸氧,1,0,1,0,1,0,100.0
吸,1,1,0,1,0,0,100.0
听着,1,0,1,0,1,0,100.0
听到,1,0,1,0,1,0,100.0
吃不了,1,0,1,0,1,0,100.0
吃啥,1,1,0,1,0,0,100.0
冷酷,1,1,0,1,0,0,100.0
冻醒,1,1,0,1,0,0,100.0
净土,1,0,1,0,1,0,100.0
做什么,1,0,1,0,1,0,100.0
共同话题,1,0,1,0,1,0,100.0
共同语言,1,0,1,0,1,0,100.0
共鸣,1,0,1,0,1,0,100.0
傻子,1,1,0,1,0,0,100.0
关系,1,1,0,1,0,0,100.0
其他,1,1,0,1,0,0,100.0
公务员考试,1,1,0,1,0,0,100.0
出生,1,0,1,0,1,0,100.0
出错,1,1,0,1,0,0,100.0
做傻事,1,0,1,0,1,0,100.0
加班,1,1,0,1,0,0,100.0
动不动,1,1,0,1,0,0,100.0
动辄,1,1,0,1,0,0,100.0
劳动力,1,1,0,1,0,0,100.0
停下,1,0,1,0,1,0,100.0
劳累,1,0,1,0,1,0,100.0
做不完,1,1,0,1,0,0,100.0
勾拳,1,0,1,0,1,0,100.0
化,1,0,1,0,1,0,100.0
化学实验,1,1,0,1,0,0,100.0
偏见,1,1,0,1,0,0,100.0
北山,1,0,1,0,1,0,100.0
北门,1,1,0,1,0,0,100.0
区,1,0,1,0,1,0,100.0
医学生,1,0,1,0,1,0,100.0
十几岁,1,1,0,1,0,0,100.0
十方,1,0,1,0,1,0,100.0
升学,1,1,0,1,0,0,100.0
六年前,1,1,0,1,0,0,100.0
六年,1,0,1,0,1,0,100.0
六岁,1,1,0,1,0,0,100.0
公司,1,0,1,0,1,0,100.0
准时,1,1,0,1,0,0,100.0
凉了,1,0,1,0,1,0,100.0
凌晨,1,0,1,0,1,0,100.0
几,1,1,0,1,0,0,100.0
几乎,1,0,1,0,1,0,100.0
几句,1,0,1,0,1,0,100.0
几滴,1,0,1,0,1,0,100.0
做错,1,1,0,1,0,0,100.0
出发,1,0,1,0,1,0,100.0
出口,1,1,0,1,0,0,100.0
出头,1,1,0,1,0,0,100.0
养老,1,1,0,1,0,0,100.0
傲视,1,0,1,0,1,0,100.0
傻,1,1,0,1,0,0,100.0
其他人,1,0,1,0,1,0,100.0
光,1,0,1,0,1,0,100.0
克服,1,0,1,0,1,0,100.0
免费,1,0,1,0,1,0,100.0
入,1,1,0,1,0,0,100.0
入骨子里,1,0,1,0,1,0,100.0
全力,1,0,1,0,1,0,100.0
全国,1,0,1,0,1,0,100.0
全球,1,1,0,1,0,0,100.0
全职,1,0,1,0,1,0,100.0
全都,1,1,0,1,0,0,100.0
出差,1,0,1,0,1,0,100.0
全靠,1,0,1,0,1,0,100.0
孕肚里,1,0,1,0,1,0,100.0
今天早晨,1,1,0,1,0,0,100.0
学科竞赛,1,0,1,0,1,0,100.0
胡须,1,0,1,0,1,0,100.0
结果,1,0,1,0,1,0,100.0
结论,1,0,1,0,1,0,100.0
结课,1,1,0,1,0,0,100.0
绝对,1,1,0,1,0,0,100.0
继承,1,0,1,0,1,0,100.0
一瞬间,1,0,1,0,1,0,100.0
绳结,1,1,0,1,0,0,100.0
缅怀,1,0,1,0,1,0,100.0
缓过来,1,1,0,1,0,0,100.0
考核,1,1,0,1,0,0,100.0
送审,1,1,0,1,0,0,100.0
送外卖,1,0,1,0,1,0,100.0
进度,1,1,0,1,0,0,100.0
一张,1,0,1,0,1,0,100.0
一级,1,0,1,0,1,0,100.0
能做,1,0,1,0,1,0,100.0
一开始,1,1,0,1,0,0,100.0
能动楼,1,0,1,0,1,0,100.0
TM,1,1,0,1,0,0,100.0
这边,1,0,1,0,1,0,100.0
脑壳,1,1,0,1,0,0,100.0
脑电,1,1,0,1,0,0,100.0
脖子,1,1,0,1,0,0,100.0
脚步,1,0,1,0,1,0,100.0
脸庞,1,0,1,0,1,0,100.0
脸色,1,0,1,0,1,0,100.0
脾气,1,1,0,1,0,0,100.0
自在,1,0,1,0,1,0,100.0
透露,1,1,0,1,0,0,100.0
绑绑,1,1,0,1,0,0,100.0
兄弟,1,0,1,0,1,0,100.0
送给,1,1,0,1,0,0,100.0
JPG,1,0,1,0,1,0,100.0
选,1,0,1,0,1,0,100.0
罩,1,0,1,0,1,0,100.0
逃,1,1,0,1,0,0,100.0
罪人,1,0,1,0,1,0,100.0
美团,1,0,1,0,1,0,100.0
送花,1,0,1,0,1,0,100.0
网上,1,0,1,0,1,0,100.0
群星,1,0,1,0,1,0,100.0
老地标,1,0,1,0,1,0,100.0
老大,1,0,1,0,1,0,100.0
老天,1,0,1,0,1,0,100.0
老家,1,0,1,0,1,0,100.0
送来,1,0,1,0,1,0,100.0
经常,1,0,1,0,1,0,100.0
一段时间,1,1,0,1,0,0,100.0
一模一样,1,1,0,1,0,0,100.0
考不上,1,1,0,1,0,0,100.0
羽毛球,1,0,1,0,1,0,100.0
缠身,1,0,1,0,1,0,100.0
缜密,1,0,1,0,1,0,100.0
一言难尽,1,0,1,0,1,0,100.0
终将,1,0,1,0,1,0,100.0
终究,1,1,0,1,0,0,100.0
经,1,0,1,0,1,0,100.0
通宵,1,1,0,1,0,0,100.0
一行,1,0,1,0,1,0,100.0
逗一逗,1,0,1,0,1,0,100.0
一座,1,1,0,1,0,0,100.0
自愈,1,0,1,0,1,0,100.0
自我,1,1,0,1,0,0,100.0
一部分,1,1,0,1,0,0,100.0
稀烂,1,1,0,1,0,0,100.0
稀里糊涂,1,1,0,1,0,0,100.0
程度,1,0,1,0,1,0,100.0
稍微,1,0,1,0,1,0,100.0
那种,1,1,0,1,0,0,100.0
那点,1,0,1,0,1,0,100.0
空轨,1,0,1,0,1,0,100.0
一颗,1,1,0,1,0,0,100.0
突出,1,0,1,0,1,0,100.0
那条,1,1,0,1,0,0,100.0
窗,1,0,1,0,1,0,100.0
立刻,1,0,1,0,1,0,100.0
立马,1,1,0,1,0,0,100.0
那年,1,1,0,1,0,0,100.0
这辈子,1,0,1,0,1,0,100.0
站起来,1,0,1,0,1,0,100.0
竟然,1,1,0,1,0,0,100.0
笔,1,0,1,0,1,0,100.0
积累,1,0,1,0,1,0,100.0
躲起来,1,0,1,0,1,0,100.0
礼,1,0,1,0,1,0,100.0
礼物,1,0,1,0,1,0,100.0
三世,1,0,1,0,1,0,100.0
社会学,1,0,1,0,1,0,100.0
5个小时,1,0,1,0,1,0,100.0
三,1,0,1,0,1,0,100.0
万分之一,1,1,0,1,0,0,100.0
祝好,1,0,1,0,1,0,100.0
通知,1,0,1,0,1,0,100.0
纯,1,1,0,1,0,0,100.0
纯净,1,0,1,0,1,0,100.0
背景,1,0,1,0,1,0,100.0
一定能,1,0,1,0,1,0,100.0
自私,1,0,1,0,1,0,100.0
胡晶晶,1,0,1,0,1,0,100.0
通报,1,0,1,0,1,0,100.0
胖乎乎,1,0,1,0,1,0,100.0
进来,1,0,1,0,1,0,100.0
考评,1,1,0,1,0,0,100.0
PUA,1,1,0,1,0,0,100.0
退回,1,1,0,1,0,0,100.0
一旦,1,1,0,1,0,0,100.0
而且,1,1,0,1,0,0,100.0
而去,1,1,0,1,0,0,100.0
某只,1,0,1,0,1,0,100.0
而已,1,1,0,1,0,0,100.0
一日三餐,1,1,0,1,0,0,100.0
耐心,1,0,1,0,1,0,100.0
耶路撒冷,1,0,1,0,1,0,100.0
聊,1,0,1,0,1,0,100.0
一方面,1,1,0,1,0,0,100.0
一整天,1,0,1,0,1,0,100.0
联想,1,1,0,1,0,0,100.0
一捧,1,0,1,0,1,0,100.0
聪明,1,0,1,0,1,0,100.0
肚子里,1,0,1,0,1,0,100.0
进步,1,1,0,1,0,0,100.0
一所,1,1,0,1,0,0,100.0
背叛,1,1,0,1,0,0,100.0
网名,1,0,1,0,1,0,100.0
不重要,1,1,0,1,0,0,100.0
学费,1,1,0,1,0,0,100.0
商法,1,1,0,1,0,0,100.0
在哪,1,0,1,0,1,0,100.0
在场,1,0,1,0,1,0,100.0
在校,1,0,1,0,1,0,100.0
在职,1,1,0,1,0,0,100.0
估计,1,1,0,1,0,0,100.0
回忆起,1,1,0,1,0,0,100.0
回忆,1,1,0,1,0,0,100.0
住场,1,0,1,0,1,0,100.0
回头,1,1,0,1,0,0,100.0
哭着,1,1,0,1,0,0,100.0
唇亡齿寒,1,1,0,1,0,0,100.0
唯,1,1,0,1,0,0,100.0
唰,1,1,0,1,0,0,100.0
商量,1,0,1,0,1,0,100.0
圣彼得堡国立音乐学院,1,1,0,1,0,0,100.0
体系,1,1,0,1,0,0,100.0
善,1,0,1,0,1,0,100.0
体制里,1,1,0,1,0,0,100.0
喘不过气来,1,1,0,1,0,0,100.0
喜剧,1,0,1,0,1,0,100.0
喝水,1,1,0,1,0,0,100.0
伤痕累累,1,0,1,0,1,0,100.0
喝酸奶,1,0,1,0,1,0,100.0
喵喵,1,0,1,0,1,0,100.0
嗅到,1,0,1,0,1,0,100.0
嗨,1,0,1,0,1,0,100.0
噩梦,1,0,1,0,1,0,100.0
四个,1,0,1,0,1,0,100.0
在乎,1,0,1,0,1,0,100.0
伴,1,1,0,1,0,0,100.0
墨茶,1,0,1,0,1,0,100.0
回过头,1,1,0,1,0,0,100.0
什么时候,1,1,0,1,0,0,100.0
人际关系,1,0,1,0,1,0,100.0
安,1,0,1,0,1,0,100.0
安全感,1,1,0,1,0,0,100.0
安好,1,1,0,1,0,0,100.0
安安稳稳,1,1,0,1,0,0,100.0
安安静静,1,0,1,0,1,0,100.0
安心,1,0,1,0,1,0,100.0
学校里,1,0,1,0,1,0,100.0
天性,1,0,1,0,1,0,100.0
天天,1,0,1,0,1,0,100.0
天坑专业,1,1,0,1,0,0,100.0
住在,1,0,1,0,1,0,100.0
回馈,1,0,1,0,1,0,100.0
土豆,1,1,0,1,0,0,100.0
低谷期,1,0,1,0,1,0,100.0
因导学关系异化所引发的极端事件现状及建立针对性预防机制研究,1,1,0,1,0,0,100.0
因材施教,1,1,0,1,0,0,100.0
困,1,1,0,1,0,0,100.0
低级,1,1,0,1,0,0,100.0
围城,1,1,0,1,0,0,100.0
国,1,0,1,0,1,0,100.0
低沉,1,1,0,1,0,0,100.0
位子,1,0,1,0,1,0,100.0
国考,1,0,1,0,1,0,100.0
图片,1,0,1,0,1,0,100.0
圆满,1,0,1,0,1,0,100.0
圈,1,0,1,0,1,0,100.0
四五位,1,1,0,1,0,0,100.0
四天,1,1,0,1,0,0,100.0
四年,1,1,0,1,0,0,100.0
优秀不要,1,0,1,0,1,0,100.0
价值,1,0,1,0,1,0,100.0
件,1,0,1,0,1,0,100.0
天冷,1,0,1,0,1,0,100.0
大同小异,1,1,0,1,0,0,100.0
哭出来,1,1,0,1,0,0,100.0
外界,1,1,0,1,0,0,100.0
复杂,1,0,1,0,1,0,100.0
场景,1,0,1,0,1,0,100.0
坎,1,0,1,0,1,0,100.0
坐飞机,1,0,1,0,1,0,100.0
坠入,1,0,1,0,1,0,100.0
垃圾,1,1,0,1,0,0,100.0
城市,1,1,0,1,0,0,100.0
培养体系,1,1,0,1,0,0,100.0
四方,1,0,1,0,1,0,100.0
培养机制,1,1,0,1,0,0,100.0
基本,1,1,0,1,0,0,100.0
外,1,0,1,0,1,0,100.0
墙边,1,0,1,0,1,0,100.0
壁炉,1,0,1,0,1,0,100.0
声,1,0,1,0,1,0,100.0
声嘶力竭,1,0,1,0,1,0,100.0
声好,1,0,1,0,1,0,100.0
声音,1,0,1,0,1,0,100.0
处在,1,1,0,1,0,0,100.0
备受,1,1,0,1,0,0,100.0
备忘录,1,0,1,0,1,0,100.0
众筹,1,0,1,0,1,0,100.0
任务,1,1,0,1,0,0,100.0
大脑,1,0,1,0,1,0,100.0
大科学家,1,0,1,0,1,0,100.0
大概,1,0,1,0,1,0,100.0
四重,1,0,1,0,1,0,100.0
回去,1,1,0,1,0,0,100.0
回复,1,0,1,0,1,0,100.0
喵,1,0,1,0,1,0,100.0
伤心,1,1,0,1,0,0,100.0
地球,1,0,1,0,1,0,100.0
地铁,1,0,1,0,1,0,100.0
多久,1,1,0,1,0,0,100.0
多了去了,1,1,0,1,0,0,100.0
多好呀,1,0,1,0,1,0,100.0
多少,1,1,0,1,0,0,100.0
多少次,1,1,0,1,0,0,100.0
多想,1,0,1,0,1,0,100.0
多次,1,0,1,0,1,0,100.0
夜晚,1,0,1,0,1,0,100.0
够,1,1,0,1,0,0,100.0
大一,1,0,1,0,1,0,100.0
大三,1,0,1,0,1,0,100.0
企及,1,0,1,0,1,0,100.0
大专生,1,0,1,0,1,0,100.0
多一点,1,1,0,1,0,0,100.0
大号,1,0,1,0,1,0,100.0
大多数,1,0,1,0,1,0,100.0
份,1,1,0,1,0,0,100.0
大富大贵,1,0,1,0,1,0,100.0
任性,1,0,1,0,1,0,100.0
大度,1,0,1,0,1,0,100.0
橘,1,1,0,1,0,0,100.0
长,1,0,1,0,1,0,100.0
黄鹤楼,1,0,1,0,1,0,100.0
第一,4,2,4,0,2,2,100.0
坑,4,0,4,0,4,0,100.0
下雪,4,0,4,0,4,0,100.0
期间,1,0,1,0,1,0,100.0
不然,1,0,1,0,1,0,100.0
朝气,1,1,0,1,0,0,100.0
望,1,0,1,0,1,0,100.0
你好,4,0,4,0,4,0,100.0
服务期,1,1,0,1,0,0,100.0
你自己,4,3,0,3,0,0,100.0
不爱吃,1,0,1,0,1,0,100.0
各种,4,0,4,0,4,0,100.0
不甘,1,1,0,1,0,0,100.0
不要去,1,0,1,0,1,0,100.0
无拘无束,1,0,1,0,1,0,100.0
未经,1,0,1,0,1,0,100.0
看着,4,0,4,0,4,0,100.0
真正,4,3,0,3,0,0,100.0
化工,4,0,4,0,4,0,100.0
早,1,0,1,0,1,0,100.0
劝,4,1,4,0,3,1,100.0
刚刚,4,0,4,0,4,0,100.0
旧书,1,0,1,0,1,0,100.0
准备,4,0,4,0,4,0,100.0
高考,4,4,0,4,0,0,100.0
??,4,0,4,0,4,0,100.0
日语,1,0,1,0,1,0,100.0
日常,1,1,0,1,0,0,100.0
直接,4,4,0,4,0,0,100.0
未,1,1,0,1,0,0,100.0
来世,4,0,4,0,4,0,100.0
明信片,1,0,1,0,1,0,100.0
评论区,4,0,1,0,1,0,100.0
来说,1,0,1,0,1,0,100.0
来自,1,0,1,0,1,0,100.0
来信,1,0,1,0,1,0,100.0
来了,1,0,1,0,1,0,100.0
得到,4,0,4,0,4,0,100.0
解脱,4,0,4,0,4,0,100.0
不用,4,4,1,3,0,1,100.0
想你,4,0,4,0,4,0,100.0
来临,1,0,1,0,1,0,100.0
时间,4,0,3,0,3,0,100.0
抱抱,4,0,4,0,4,0,100.0
联系,4,0,4,0,4,0,100.0
聊聊,4,0,4,0,4,0,100.0
不曾,1,0,1,0,1,0,100.0
末位淘汰制,1,1,0,1,0,0,100.0
解决,4,4,0,4,0,0,100.0
来不及,1,0,1,0,1,0,100.0
条,1,0,1,0,1,0,100.0
许愿,4,0,4,0,4,0,100.0
李文亮,1,1,0,1,0,0,100.0
权利,1,1,0,1,0,0,100.0
机器人,1,1,0,1,0,0,100.0
机制,1,1,0,1,0,0,100.0
捐,4,0,4,0,4,0,100.0
本来,1,0,1,0,1,0,100.0
能力,4,2,0,2,0,0,100.0
本本分分,1,1,0,1,0,0,100.0
本人,1,1,0,1,0,0,100.0
日子,1,0,1,0,1,0,100.0
日,1,0,1,0,1,0,100.0
头,4,0,4,0,4,0,100.0
总是,5,0,5,0,5,0,100.0
不论什么,1,0,1,0,1,0,100.0
突然,5,5,3,2,0,3,100.0
暴雪,1,0,1,0,1,0,100.0
没有什么,5,0,5,0,5,0,100.0
相信,5,1,5,0,4,1,100.0
暂时,1,0,1,0,1,0,100.0
智齿,1,1,0,1,0,0,100.0
智商,1,0,1,0,1,0,100.0
关,5,5,0,5,0,0,100.0
景区,1,0,1,0,1,0,100.0
普通,1,1,0,1,0,0,100.0
优秀,5,0,5,0,5,0,100.0
晚霞,1,1,0,1,0,0,100.0
不该,1,1,0,1,0,0,100.0
既然,1,0,1,0,1,0,100.0
晚上12点,1,0,1,0,1,0,100.0
晚一点,1,0,1,0,1,0,100.0
晚,1,0,1,0,1,0,100.0
晒晒太阳,1,0,1,0,1,0,100.0
不赞同,1,0,1,0,1,0,100.0
不起,1,0,1,0,1,0,100.0
不辞而别,1,0,1,0,1,0,100.0
昨天晚上,1,0,1,0,1,0,100.0
昨天早上,1,0,1,0,1,0,100.0
不近人情,1,1,0,1,0,0,100.0
不远,1,0,1,0,1,0,100.0
明星,1,1,0,1,0,0,100.0
不适合,1,0,1,0,1,0,100.0
时刻,1,0,1,0,1,0,100.0
繁荣昌盛,5,0,5,0,5,0,100.0
充满,1,1,0,1,0,0,100.0
爸妈,5,4,0,4,0,0,100.0
无辜我,1,1,0,1,0,0,100.0
无比,1,1,0,1,0,0,100.0
无数次,1,0,1,0,1,0,100.0
无数个,1,0,1,0,1,0,100.0
不错好,1,0,1,0,1,0,100.0
不让,1,1,0,1,0,0,100.0
无忧无思,1,0,1,0,1,0,100.0
无形,1,0,1,0,1,0,100.0
没事,4,0,4,0,4,0,100.0
师姐,4,0,4,0,4,0,100.0
无尽,1,0,1,0,1,0,100.0
无奈,1,1,0,1,0,0,100.0
无助,1,0,1,0,1,0,100.0
没人,4,4,1,3,0,1,100.0
旅游,1,0,1,0,1,0,100.0
美好,4,0,4,0,4,0,100.0
继续,4,0,4,0,4,0,100.0
施加,1,1,0,1,0,0,100.0
新疆,1,0,1,0,1,0,100.0
遗书,4,2,4,0,2,2,100.0
新,1,1,0,1,0,0,100.0
遗憾,4,0,4,0,4,0,100.0
文科,1,0,1,0,1,0,100.0
专利,1,0,1,0,1,0,100.0
文凭,1,1,0,1,0,0,100.0
早上好,1,0,1,0,1,0,100.0
早安,1,0,1,0,1,0,100.0
不甘心,1,0,1,0,1,0,100.0
有能力,1,0,1,0,1,0,100.0
有罪,1,0,1,0,1,0,100.0
带你,3,0,3,0,3,0,100.0
每一个,3,0,3,0,3,0,100.0
披荆斩棘,1,0,1,0,1,0,100.0
披,1,0,1,0,1,0,100.0
报身,1,0,1,0,1,0,100.0
报,1,0,1,0,1,0,100.0
抛弃,1,1,0,1,0,0,100.0
抛开,1,1,0,1,0,0,100.0
有问题,3,3,0,3,0,0,100.0
抗压能力,1,1,0,1,0,0,100.0
课题,3,3,0,3,0,0,100.0
机会,3,0,3,0,3,0,100.0
帮,3,0,3,0,3,0,100.0
这么多,3,0,3,0,3,0,100.0
心,3,0,3,0,3,0,100.0
野猫,3,0,3,0,3,0,100.0
投缘,1,1,0,1,0,0,100.0
投,1,1,0,1,0,0,100.0
怎样,3,3,0,3,0,0,100.0
家,3,3,0,3,0,0,100.0
说什么,3,1,3,0,2,1,100.0
说法,3,0,2,0,2,0,100.0
两只,1,0,1,0,1,0,100.0
没有人,3,2,3,0,1,2,100.0
过不去,3,1,3,0,2,1,100.0
有没有,3,1,3,0,2,1,100.0
输了,3,0,3,0,3,0,100.0
轻生,3,2,0,2,0,0,100.0
转,3,3,0,3,0,0,100.0
抱怨,1,1,0,1,0,0,100.0
两句,1,1,0,1,0,0,100.0
抹抹,1,0,1,0,1,0,100.0
水,3,3,0,3,0,0,100.0
中心,1,0,1,0,1,0,100.0
界,1,0,1,0,1,0,100.0
我老公,1,1,0,1,0,0,100.0
方式,3,0,3,0,3,0,100.0
我爸爸,1,0,1,0,1,0,100.0
我爸,1,1,0,1,0,0,100.0
两篇,1,0,1,0,1,0,100.0
独自,3,3,0,3,0,0,100.0
我自己,3,3,1,2,0,1,100.0
我妈,3,3,2,1,0,2,100.0
是因为,3,3,0,3,0,0,100.0
两条,1,1,0,1,0,0,100.0
两张,1,1,0,1,0,0,100.0
拼,1,0,1,0,1,0,100.0
拴好生命的最后一根安全绳,1,1,0,1,0,0,100.0
那边,3,1,3,0,2,1,100.0
那样,3,3,1,2,0,1,100.0
那天,3,0,3,0,3,0,100.0
见到,3,0,2,0,2,0,100.0
结婚,3,3,1,2,0,1,100.0
结束,3,1,3,0,2,1,100.0
拥有,1,1,0,1,0,0,100.0
拜拜,1,0,1,0,1,0,100.0
拍,1,1,0,1,0,0,100.0
坐,3,0,3,0,3,0,100.0
拂过,1,0,1,0,1,0,100.0
有什么,3,3,2,1,0,2,100.0
跳舞,3,0,3,0,3,0,100.0
晚安,3,0,3,0,3,0,100.0
有种,1,0,1,0,1,0,100.0
国内,3,3,0,3,0,0,100.0
离,3,1,3,0,2,1,100.0
有形,1,0,1,0,1,0,100.0
搞,3,2,0,2,0,0,100.0
有多少,1,0,1,0,1,0,100.0
顺顺利利,3,0,3,0,3,0,100.0
有关部门,1,1,0,1,0,0,100.0
不管不问,1,1,0,1,0,0,100.0
困境,3,1,0,1,0,0,100.0
有事,1,0,1,0,1,0,100.0
不要放弃,1,1,0,1,0,0,100.0
疫情,3,1,3,0,2,1,100.0
男,3,1,3,0,2,1,100.0
有了,1,0,1,0,1,0,100.0
有主见,1,0,1,0,1,0,100.0
把控,1,1,0,1,0,0,100.0
月饼,1,0,1,0,1,0,100.0
月,1,1,0,1,0,0,100.0
阶段,3,3,0,3,0,0,100.0
最近上映,1,0,1,0,1,0,100.0
不经心,1,1,0,1,0,0,100.0
最终,1,0,1,0,1,0,100.0
最深,1,1,0,1,0,0,100.0
男生,3,0,3,0,3,0,100.0
最好的,1,1,0,1,0,0,100.0
打开,3,0,3,0,3,0,100.0
最好,1,1,0,1,0,0,100.0
不给,1,0,1,0,1,0,100.0
最不,1,1,0,1,0,0,100.0
有很多,1,1,0,1,0,0,100.0
支持,3,0,3,0,3,0,100.0
有所作为,1,0,1,0,1,0,100.0
不知不觉,1,1,0,1,0,0,100.0
站,3,0,2,0,2,0,100.0
指导,3,3,0,3,0,0,100.0
真是,3,0,3,0,3,0,100.0
真,3,3,0,3,0,0,100.0
拿,3,3,0,3,0,0,100.0
两年,1,0,1,0,1,0,100.0
承认,1,1,0,1,0,0,100.0
承受能力,1,1,0,1,0,0,100.0
叫做,3,2,3,0,1,2,100.0
苦,3,0,2,0,2,0,100.0
衣服,3,0,3,0,3,0,100.0
在那边,3,1,3,0,2,1,100.0
第一次,3,0,3,0,3,0,100.0
散散步,1,0,1,0,1,0,100.0
批,3,2,0,2,0,0,100.0
等,3,0,2,0,2,0,100.0
整天,1,1,0,1,0,0,100.0
打电话,3,3,1,2,0,1,100.0
不管是,1,1,0,1,0,0,100.0
勇气,3,3,1,2,0,1,100.0
有的人,1,1,0,1,0,0,100.0
有点用,1,1,0,1,0,0,100.0
?,3,0,3,0,3,0,100.0
再见,3,0,3,0,3,0,100.0
不看,1,0,1,0,1,0,100.0
有朝一日,1,0,1,0,1,0,100.0
几个,3,0,3,0,3,0,100.0
不逾矩,1,0,1,0,1,0,100.0
明争暗斗,1,1,0,1,0,0,100.0
源于,3,2,0,2,0,0,100.0
成都,1,1,0,1,0,0,100.0
情商,1,0,1,0,1,0,100.0
情况,1,0,1,0,1,0,100.0
悉,1,0,1,0,1,0,100.0
恩人,1,1,0,1,0,0,100.0
恩,1,0,1,0,1,0,100.0
么,1,0,1,0,1,0,100.0
总有,1,0,1,0,1,0,100.0
义无反顾,1,1,0,1,0,0,100.0
总会,1,0,1,0,1,0,100.0
想起你,1,0,1,0,1,0,100.0
愉快,1,1,0,1,0,0,100.0
主人,1,0,1,0,1,0,100.0
我们大家,1,0,1,0,1,0,100.0
丰富,1,1,0,1,0,0,100.0
惊讶,1,0,1,0,1,0,100.0
成天,1,0,1,0,1,0,100.0
成分,1,1,0,1,0,0,100.0
为人,1,1,0,1,0,0,100.0
懒政,1,0,1,0,1,0,100.0
懂得,1,1,0,1,0,0,100.0
懂事,1,0,1,0,1,0,100.0
憧憬,1,0,1,0,1,0,100.0
慢慢变好,1,1,0,1,0,0,100.0
慢,1,0,1,0,1,0,100.0
愿意,1,0,1,0,1,0,100.0
为啥,1,1,0,1,0,0,100.0
感情,1,1,0,1,0,0,100.0
为难,1,0,1,0,1,0,100.0
    ,1,0,1,0,1,0,100.0
久评论,1,0,1,0,1,0,100.0
昌盛,1,0,1,0,1,0,100.0
买房,1,1,0,1,0,0,100.0
山,1,0,1,0,1,0,100.0
属于,1,1,0,1,0,0,100.0
屏幕,1,1,0,1,0,0,100.0
届,1,1,0,1,0,0,100.0
居,1,1,0,1,0,0,100.0
开,9,1,9,0,8,1,100.0
屁,1,0,1,0,1,0,100.0
尽快,1,1,0,1,0,0,100.0
尽力,1,0,1,0,1,0,100.0
尺度,1,1,0,1,0,0,100.0
就这样,1,1,0,1,0,0,100.0
就算,1,1,0,1,0,0,100.0
互相,1,0,1,0,1,0,100.0
我俩,1,0,1,0,1,0,100.0
久,1,0,1,0,1,0,100.0
乃至,1,1,0,1,0,0,100.0
想象,1,0,1,0,1,0,100.0
主动,1,1,0,1,0,0,100.0
主编,1,1,0,1,0,0,100.0
丽江,1,1,0,1,0,0,100.0
想看,1,0,1,0,1,0,100.0
想念,1,0,1,0,1,0,100.0
想必,1,0,1,0,1,0,100.0
想开,1,0,1,0,1,0,100.0
举例子,1,1,0,1,0,0,100.0
想不起来,1,1,0,1,0,0,100.0
想不到,1,1,0,1,0,0,100.0
性格,1,1,0,1,0,0,100.0
主,1,0,1,0,1,0,100.0
感冒,1,1,0,1,0,0,100.0
意见,1,1,0,1,0,0,100.0
忘记,1,1,0,1,0,0,100.0
心意,1,0,1,0,1,0,100.0
心无波澜,1,1,0,1,0,0,100.0
思维,1,0,1,0,1,0,100.0
之时,1,1,0,1,0,0,100.0
怎么样,1,0,1,0,1,0,100.0
怎么做,1,0,1,0,1,0,100.0
之类前面,1,0,1,0,1,0,100.0
怀疑,1,0,1,0,1,0,100.0
怀孕,1,0,1,0,1,0,100.0
忽然,1,0,1,0,1,0,100.0
之间,1,1,0,1,0,0,100.0
忙碌,1,1,0,1,0,0,100.0
忙,1,0,1,0,1,0,100.0
忘了,1,0,1,0,1,0,100.0
意思,1,0,1,0,1,0,100.0
忍着,1,1,0,1,0,0,100.0
必须,1,0,1,0,1,0,100.0
必要,1,1,0,1,0,0,100.0
乖乖,1,1,0,1,0,0,100.0
心痛,1,0,1,0,1,0,100.0
心疼,1,0,1,0,1,0,100.0
心理素质差,1,1,0,1,0,0,100.0
心理素质,1,1,0,1,0,0,100.0
心理承受能力,1,0,1,0,1,0,100.0
心理咨询室,1,1,0,1,0,0,100.0
心理咨询,1,1,0,1,0,0,100.0
心理医生,1,1,0,1,0,0,100.0
乖巧,1,0,1,0,1,0,100.0
心想事成,1,0,1,0,1,0,100.0
心情不好,1,1,0,1,0,0,100.0
很冷,1,0,1,0,1,0,100.0
书记,1,1,0,1,0,0,100.0
意念,1,1,0,1,0,0,100.0
之外,1,0,1,0,1,0,100.0
急救  ,1,0,1,0,1,0,100.0
很不错,1,1,0,1,0,0,100.0
得不到,1,1,0,1,0,0,100.0
心思,1,0,1,0,1,0,100.0
心态崩塌,1,1,0,1,0,0,100.0
心底里,1,0,1,0,1,0,100.0
心安理得,1,0,1,0,1,0,100.0
心仪,1,0,1,0,1,0,100.0
也可,1,0,1,0,1,0,100.0
微纳,1,1,0,1,0,0,100.0
微微,1,0,1,0,1,0,100.0
也可以,1,0,1,0,1,0,100.0
微不足道,1,1,0,1,0,0,100.0
得出,1,0,1,0,1,0,100.0
很难,1,1,0,1,0,0,100.0
很长,1,1,0,1,0,0,100.0
很爱,1,0,1,0,1,0,100.0
很早,1,0,1,0,1,0,100.0
也罢,1,1,0,1,0,0,100.0
很快,1,0,1,0,1,0,100.0
很少,1,0,1,0,1,0,100.0
很容易,1,1,0,1,0,0,100.0
也该,1,0,1,0,1,0,100.0
乡,1,0,1,0,1,0,100.0
很多事,1,1,0,1,0,0,100.0
岗位,1,1,0,1,0,0,100.0
崩溃,1,1,0,1,0,0,100.0
川大,1,0,1,0,1,0,100.0
当做,1,1,0,1,0,0,100.0
甚至,6,6,2,4,0,2,100.0
带走,1,1,0,1,0,0,100.0
带着,1,0,1,0,1,0,100.0
带回,1,1,0,1,0,0,100.0
二十,1,0,1,0,1,0,100.0
二十四岁,1,0,1,0,1,0,100.0
师长们,1,1,0,1,0,0,100.0
康康,1,0,1,0,1,0,100.0
廉价,1,1,0,1,0,0,100.0
延期,1,0,1,0,1,0,100.0
当成,1,1,0,1,0,0,100.0
祝愿,6,0,6,0,6,0,100.0
当初,1,1,0,1,0,0,100.0
培养,6,5,0,5,0,0,100.0
异地,1,1,0,1,0,0,100.0
当作,1,0,1,0,1,0,100.0
当下,1,0,1,0,1,0,100.0
归宿,1,1,0,1,0,0,100.0
归于,1,0,1,0,1,0,100.0
强行,1,1,0,1,0,0,100.0
强大,1,0,1,0,1,0,100.0
强,1,0,1,0,1,0,100.0
弹吉他,1,0,1,0,1,0,100.0
弹,1,0,1,0,1,0,100.0
能不能,6,2,6,0,4,2,100.0
弱,1,0,1,0,1,0,100.0
张,1,0,1,0,1,0,100.0
引,1,0,1,0,1,0,100.0
事情  ,1,0,1,0,1,0,100.0
帮忙有点,1,0,1,0,1,0,100.0
常,1,0,1,0,1,0,100.0
常人,1,1,0,1,0,0,100.0
时好时坏,1,0,1,0,1,0,100.0
中文核心期刊,1,0,1,0,1,0,100.0
我哥,1,1,0,1,0,0,100.0
干翻,1,0,1,0,1,0,100.0
放过,5,2,5,0,3,2,100.0
废柴,1,1,0,1,0,0,100.0
遇到,5,2,5,0,3,2,100.0
事   ,1,0,1,0,1,0,100.0
应届,1,0,1,0,1,0,100.0
养,5,0,5,0,5,0,100.0
好像,5,0,5,0,5,0,100.0
庄严,1,0,1,0,1,0,100.0
幽默,1,0,1,0,1,0,100.0
幸运,1,1,0,1,0,0,100.0
所,5,2,5,0,3,2,100.0
幸福吗,1,0,1,0,1,0,100.0
事业编,1,1,0,1,0,0,100.0
!,5,0,5,0,5,0,100.0
成绩,5,5,1,4,0,1,100.0
并,1,0,1,0,1,0,100.0
年轻  ,1,0,1,0,1,0,100.0
年代,1,0,1,0,1,0,100.0
年,1,0,1,0,1,0,100.0
事实,1,1,0,1,0,0,100.0
干劲,1,1,0,1,0,0,100.0
猫猫,6,0,6,0,6,0,100.0
二十多,1,0,1,0,1,0,100.0
弄,1,0,1,0,1,0,100.0
异国恋,1,1,0,1,0,0,100.0
于是,1,1,0,1,0,0,100.0
交给,1,1,0,1,0,0,100.0
五轮,1,1,0,1,0,0,100.0
尊重,1,0,1,0,1,0,100.0
难,7,6,3,3,0,3,100.0
圣女果,7,0,7,0,7,0,100.0
将会,1,1,0,1,0,0,100.0
导致,1,1,0,1,0,0,100.0
五黑粉,1,1,0,1,0,0,100.0
要求,8,8,0,8,0,0,100.0
寻死,1,1,0,1,0,0,100.0
?,8,0,8,0,8,0,100.0
对吗,1,0,1,0,1,0,100.0
对不起,1,0,1,0,1,0,100.0
对不对,1,0,1,0,1,0,100.0
就像,1,1,0,1,0,0,100.0
异国,1,1,0,1,0,0,100.0
就叫,1,0,1,0,1,0,100.0
五六岁,1,0,1,0,1,0,100.0
帅,1,0,1,0,1,0,100.0
巴黎,1,0,1,0,1,0,100.0
巴掌,1,1,0,1,0,0,100.0
差点,1,0,1,0,1,0,100.0
二进一政审,1,1,0,1,0,0,100.0
它,8,5,8,0,3,5,100.0
差,1,1,0,1,0,0,100.0
左边,1,1,0,1,0,0,100.0
左,1,0,1,0,1,0,100.0
认识,9,0,9,0,9,0,100.0
工资,1,1,0,1,0,0,100.0
小伙子,1,0,1,0,1,0,100.0
小哥哥,1,0,1,0,1,0,100.0
帅锅,1,0,1,0,1,0,100.0
小孩,1,1,0,1,0,0,100.0
带,6,1,6,0,5,1,100.0
开题费,1,1,0,1,0,0,100.0
无忧无虑,6,0,6,0,6,0,100.0
开水,1,0,1,0,1,0,100.0
建设,1,0,1,0,1,0,100.0
建议,1,0,1,0,1,0,100.0
安慰,6,0,6,0,6,0,100.0
建工,1,0,1,0,1,0,100.0
延迟,1,1,0,1,0,0,100.0
师弟,1,0,1,0,1,0,100.0
二十多年,1,1,0,1,0,0,100.0
影响,1,1,0,1,0,0,100.0
小姐姐,1,0,1,0,1,0,100.0
尤其,1,1,0,1,0,0,100.0
少年,1,1,0,1,0,0,100.0
少,1,1,0,1,0,0,100.0
小鱼干,1,0,1,0,1,0,100.0
小花猫,1,0,1,0,1,0,100.0
五十九,1,0,1,0,1,0,100.0
吃,7,0,7,0,7,0,100.0
照顾,7,2,7,0,5,2,100.0
小狗,1,0,1,0,1,0,100.0
好不好,7,0,7,0,7,0,100.0
小心,1,0,1,0,1,0,100.0
小康家庭,1,0,1,0,1,0,100.0
小师弟,1,0,1,0,1,0,100.0
小师妹,1,0,1,0,1,0,100.0
罗,3,0,3,0,3,0,100.0
温暖,3,0,3,0,3,0,100.0
我身边,1,0,1,0,1,0,100.0
保护,1,0,1,0,1,0,100.0
名字,2,0,2,0,2,0,100.0
后面,2,2,0,2,0,0,100.0
吐槽,2,0,2,0,2,0,100.0
10月12日,2,2,0,2,0,0,100.0
这样的,2,0,2,0,2,0,100.0
那里,2,0,2,0,2,0,100.0
某,2,2,0,2,0,0,100.0
回向,2,0,2,0,2,0,100.0
不一样,2,0,2,0,2,0,100.0
可笑,1,0,1,0,1,0,100.0
申请,2,2,0,2,0,0,100.0
电影,2,0,2,0,2,0,100.0
可爱爱,1,0,1,0,1,0,100.0
可惜,1,0,1,0,1,0,100.0
依然,2,0,2,0,2,0,100.0
理工科,2,2,1,1,0,1,100.0
留,2,0,2,0,2,0,100.0
或,2,0,2,0,2,0,100.0
我家,2,1,2,0,1,1,100.0
我妈妈,2,0,2,0,2,0,100.0
痛,2,2,0,2,0,0,100.0
登,2,0,2,0,2,0,100.0
中期,2,2,0,2,0,0,100.0
白天,2,1,2,0,1,1,100.0
或是,2,0,2,0,2,0,100.0
下一条,2,0,2,0,2,0,100.0
可悲,1,1,0,1,0,0,100.0
抱歉,2,0,2,0,2,0,100.0
值不值,1,1,0,1,0,0,100.0
删掉,2,0,2,0,2,0,100.0
发菩提心,1,0,1,0,1,0,100.0
发呆,1,0,1,0,1,0,100.0
卸载,1,0,1,0,1,0,100.0
频繁,2,2,0,2,0,0,100.0
风,2,0,2,0,2,0,100.0
和解,2,2,1,1,0,1,100.0
佛,2,0,2,0,2,0,100.0
咬牙,2,1,2,0,1,1,100.0
况且,2,2,1,1,0,1,100.0
风里,2,0,2,0,2,0,100.0
健康,2,2,0,2,0,0,100.0
再也,2,0,2,0,2,0,100.0
还没有,2,1,2,0,1,1,100.0
还没,2,2,1,1,0,1,100.0
卸下,1,0,1,0,1,0,100.0
听,2,1,2,0,1,1,100.0
发烧,1,1,0,1,0,0,100.0
前天,2,0,2,0,2,0,100.0
出去,2,2,0,2,0,0,100.0
做法,2,2,0,2,0,0,100.0
前几天,2,0,2,0,2,0,100.0
刷,2,2,0,2,0,0,100.0
制高点,2,0,1,0,1,0,100.0
制度,2,2,0,2,0,0,100.0
R,2,0,2,0,2,0,100.0
发炎,1,1,0,1,0,0,100.0
远,2,0,2,0,2,0,100.0
18,2,2,0,2,0,0,100.0
到头来,2,0,1,0,1,0,100.0
进,2,2,0,2,0,0,100.0
可以做,1,0,1,0,1,0,100.0
叭快乐,1,0,1,0,1,0,100.0
熬过去,2,2,0,2,0,0,100.0
相遇,2,0,2,0,2,0,100.0
心中,2,0,2,0,2,0,100.0
叙事,1,1,0,1,0,0,100.0
借道,1,0,1,0,1,0,100.0
情绪,2,0,2,0,2,0,100.0
惋惜  ,2,0,2,0,2,0,100.0
懒,2,0,2,0,2,0,100.0
直到,2,0,2,0,2,0,100.0
懂,2,0,1,0,1,0,100.0
受到,1,0,1,0,1,0,100.0
相仿,2,0,2,0,2,0,100.0
愿望,2,1,2,0,1,1,100.0
感受到,2,0,2,0,2,0,100.0
受伤,1,0,1,0,1,0,100.0
看一看,2,0,2,0,2,0,100.0
不吃,2,0,2,0,2,0,100.0
想过,2,2,0,2,0,0,100.0
看开,2,2,1,1,0,1,100.0
上岸,2,0,2,0,2,0,100.0
想死,2,2,0,2,0,0,100.0
看见,2,0,2,0,2,0,100.0
看过,2,0,1,0,1,0,100.0
上午,2,1,2,0,1,1,100.0
掉下来,2,2,1,1,0,1,100.0
种,2,0,2,0,2,0,100.0
取消,1,1,0,1,0,0,100.0
叔叔,1,1,0,1,0,0,100.0
戒掉,1,1,0,1,0,0,100.0
武汉,2,0,2,0,2,0,100.0
心态,2,2,1,1,0,1,100.0
祝福,2,1,2,0,1,1,100.0
回到,2,0,2,0,2,0,100.0
心情,2,2,1,1,0,1,100.0
捡到,2,0,2,0,2,0,100.0
不受,2,2,0,2,0,0,100.0
挣扎,2,0,2,0,2,0,100.0
叭,1,0,1,0,1,0,100.0
按时,2,2,0,2,0,0,100.0
状态,2,0,2,0,2,0,100.0
挂,2,2,1,1,0,1,100.0
保证,1,1,0,1,0,0,100.0
狗,2,1,2,0,1,1,100.0
不再,2,0,2,0,2,0,100.0
拥抱,2,0,2,0,2,0,100.0
玩,2,0,2,0,2,0,100.0
按,2,2,0,2,0,0,100.0
目前,2,0,1,0,1,0,100.0
成,2,0,2,0,2,0,100.0
叫什么,1,0,1,0,1,0,100.0
知道吗,2,0,2,0,2,0,100.0
只求,1,1,0,1,0,0,100.0
怎,2,2,1,1,0,1,100.0
念头,2,2,0,2,0,0,100.0
修改,1,1,0,1,0,0,100.0
倘若,1,0,1,0,1,0,100.0
三年多,2,0,2,0,2,0,100.0
怪,2,2,0,2,0,0,100.0
借用,1,0,1,0,1,0,100.0
社会现象,2,2,0,2,0,0,100.0
另一方面,1,1,0,1,0,0,100.0
厅,1,1,0,1,0,0,100.0
历时,1,0,1,0,1,0,100.0
压力山大,1,0,1,0,1,0,100.0
闺女,1,1,0,1,0,0,100.0
门,1,1,0,1,0,0,100.0
玄学,1,1,0,1,0,0,100.0
23岁,1,0,1,0,1,0,100.0
盯着,1,1,0,1,0,0,100.0
楼梯,1,0,1,0,1,0,100.0
直,1,1,0,1,0,0,100.0
楼层,1,0,1,0,1,0,100.0
不是吗,1,0,1,0,1,0,100.0
鲜活,1,1,0,1,0,0,100.0
桌子,1,0,1,0,1,0,100.0
槛,1,1,0,1,0,0,100.0
除了,1,0,1,0,1,0,100.0
20个小时,1,0,1,0,1,0,100.0
下放,1,0,1,0,1,0,100.0
过桥,2,0,2,0,2,0,100.0
疲乏,1,0,1,0,1,0,100.0
玩耍,1,0,1,0,1,0,100.0
疲惫,1,0,1,0,1,0,100.0
下小雨,1,0,1,0,1,0,100.0
疼爱,1,0,1,0,1,0,100.0
玩伴,1,0,1,0,1,0,100.0
闹矛盾,1,1,0,1,0,0,100.0
模,1,0,1,0,1,0,100.0
下一步,1,0,1,0,1,0,100.0
闲暇,1,0,1,0,1,0,100.0
白,1,0,1,0,1,0,100.0
22年,1,1,0,1,0,0,100.0
不住,1,0,1,0,1,0,100.0
盛景,1,0,1,0,1,0,100.0
的确,1,1,0,1,0,0,100.0
百态,1,0,1,0,1,0,100.0
鲜花,1,0,1,0,1,0,100.0
界定,1,1,0,1,0,0,100.0
阳台,1,1,0,1,0,0,100.0
留下,1,0,1,0,1,0,100.0
生涯,1,1,0,1,0,0,100.0
下车,1,0,1,0,1,0,100.0
珠海,1,0,1,0,1,0,100.0
球,1,0,1,0,1,0,100.0
除,1,0,1,0,1,0,100.0
理工男,1,0,1,0,1,0,100.0
理智,1,1,0,1,0,0,100.0
理由,1,0,1,0,1,0,100.0
不仅仅,1,1,0,1,0,0,100.0
理论,1,1,0,1,0,0,100.0
理论依据,1,1,0,1,0,0,100.0
瓶颈,1,1,0,1,0,0,100.0
不一样   ,1,0,1,0,1,0,100.0
降低,1,1,0,1,0,0,100.0
款,1,0,1,0,1,0,100.0
生化环材,1,1,0,1,0,0,100.0
欺骗,1,1,0,1,0,0,100.0
生日,1,1,0,1,0,0,100.0
生死,1,1,0,1,0,0,100.0
留给,1,0,1,0,1,0,100.0
留言,1,1,0,1,0,0,100.0
畸形,1,1,0,1,0,0,100.0
环,1,0,1,0,1,0,100.0
问,1,0,1,0,1,0,100.0
值得,1,1,0,1,0,0,100.0
躺,2,0,2,0,2,0,100.0
压抑,1,1,0,1,0,0,100.0
去找,2,0,2,0,2,0,100.0
陌生,2,0,2,0,2,0,100.0
保持,2,1,2,0,1,1,100.0
25岁,2,0,2,0,2,0,100.0
P,2,0,2,0,2,0,100.0
保佑,1,0,1,0,1,0,100.0
原生家庭,1,1,0,1,0,0,100.0
里面,2,0,2,0,2,0,100.0
厉不厉害,2,2,0,2,0,0,100.0
都知道,2,2,0,2,0,0,100.0
即使,2,0,2,0,2,0,100.0
都会,2,0,2,0,2,0,100.0
原来,2,0,2,0,2,0,100.0
去年,2,2,1,1,0,1,100.0
博士生,2,2,0,2,0,0,100.0
共同,2,2,0,2,0,0,100.0
那段,2,2,1,1,0,1,100.0
原,1,1,0,1,0,0,100.0
南京航空航天,2,2,0,2,0,0,100.0
7月初,2,2,0,2,0,0,100.0
反思,2,2,0,2,0,0,100.0
南京,2,2,0,2,0,0,100.0
9月19日,2,2,0,2,0,0,100.0
那一天,2,2,0,2,0,0,100.0
千万,2,1,2,0,1,1,100.0
压根,1,1,0,1,0,0,100.0
降生,2,1,2,0,1,1,100.0
送,2,0,2,0,2,0,100.0
听说,2,0,2,0,2,0,100.0
保研,2,2,0,2,0,0,100.0
加,2,2,0,2,0,0,100.0
原谅,1,0,1,0,1,0,100.0
阳间,2,0,2,0,2,0,100.0
其中,2,2,1,1,0,1,100.0
喝酒,2,0,2,0,2,0,100.0
反观,1,1,0,1,0,0,100.0
龟龟,2,2,0,2,0,0,100.0
龟,2,2,0,2,0,0,100.0
反扑,1,0,1,0,1,0,100.0
全,2,0,2,0,2,0,100.0
鼓,2,0,2,0,2,0,100.0
黑暗,2,0,2,0,2,0,100.0
高校,2,2,0,2,0,0,100.0
体验,2,2,0,2,0,0,100.0
善人,2,0,2,0,2,0,100.0
反复,1,1,0,1,0,0,100.0
哥,2,0,2,0,2,0,100.0
十九号,2,0,2,0,2,0,100.0
又说,1,1,0,1,0,0,100.0
又出事,1,0,1,0,1,0,100.0
参加,1,0,1,0,1,0,100.0
I,2,0,2,0,2,0,100.0
另一个,2,0,2,0,2,0,100.0
去世后,1,0,1,0,1,0,100.0
另外,2,2,1,1,0,1,100.0
24小时,2,2,0,2,0,0,100.0
长夜,2,2,0,2,0,0,100.0
逝去,2,0,2,0,2,0,100.0
通过,2,2,0,2,0,0,100.0
信,2,0,2,0,2,0,100.0
有办法,2,0,2,0,2,0,100.0
不知,2,2,1,1,0,1,100.0
每一位,2,2,0,2,0,0,100.0
收养,1,0,1,0,1,0,100.0
答应,2,0,2,0,2,0,100.0
了   ,2,2,0,2,0,0,100.0
答辩,2,2,0,2,0,0,100.0
床上,2,0,2,0,2,0,100.0
放下,1,0,1,0,1,0,100.0
粘人,2,0,2,0,2,0,100.0
能否,2,2,0,2,0,0,100.0
收藏,1,1,0,1,0,0,100.0
一起玩,2,0,2,0,2,0,100.0
提高,1,1,0,1,0,0,100.0
开题,2,2,0,2,0,0,100.0
一辈子,2,0,2,0,2,0,100.0
很美,2,0,2,0,2,0,100.0
支撑,1,1,0,1,0,0,100.0
事件,2,1,0,1,0,0,100.0
穷,2,2,0,2,0,0,100.0
很多很多,2,0,2,0,2,0,100.0
书,2,0,2,0,2,0,100.0
空间,2,0,2,0,2,0,100.0
一间,2,1,2,0,1,1,100.0
丝毫,1,1,0,1,0,0,100.0
当事人,2,1,0,1,0,0,100.0
操,1,0,1,0,1,0,100.0
笑着,2,1,2,0,1,1,100.0
强加,2,2,1,1,0,1,100.0
一遍,2,2,0,2,0,0,100.0
弟弟,2,0,2,0,2,0,100.0
引起,2,2,0,2,0,0,100.0
了解,2,0,2,0,2,0,100.0
等到,2,0,2,0,2,0,100.0
第四年,2,2,0,2,0,0,100.0
放不下,1,0,1,0,1,0,100.0
每一天,2,2,1,1,0,1,100.0
困难,2,0,2,0,2,0,100.0
资助,2,2,0,2,0,0,100.0
墙,2,0,2,0,2,0,100.0
课,2,2,0,2,0,0,100.0
教会,1,0,1,0,1,0,100.0
设计,2,2,0,2,0,0,100.0
救活,1,1,0,1,0,0,100.0
们,2,2,0,2,0,0,100.0
敏锐,1,0,1,0,1,0,100.0
说不定,2,2,1,1,0,1,100.0
大四,2,2,0,2,0,0,100.0
敏感,1,0,1,0,1,0,100.0
夜里,2,0,2,0,2,0,100.0
政府,1,1,0,1,0,0,100.0
请假,2,2,0,2,0,0,100.0
一个字,2,2,0,2,0,0,100.0
读到,2,2,0,2,0,0,100.0
多么,2,1,2,0,1,1,100.0
众生,2,0,2,0,2,0,100.0
业,1,1,0,1,0,0,100.0
复试,2,1,2,0,1,1,100.0
东纬路,1,0,1,0,1,0,100.0
能够,2,2,0,2,0,0,100.0
放到,1,0,1,0,1,0,100.0
实验结果,2,2,0,2,0,0,100.0
开始,2,2,0,2,0,0,100.0
年龄,2,0,2,0,2,0,100.0
并没有,2,2,1,1,0,1,100.0
教室,1,0,1,0,1,0,100.0
一件,3,1,3,0,2,1,100.0
扛着,1,0,1,0,1,0,100.0
一号线,3,0,3,0,3,0,100.0
打转,1,1,0,1,0,0,100.0
打滚,1,1,0,1,0,0,100.0
东西,3,0,3,0,3,0,100.0
严,1,1,0,1,0,0,100.0
严格,3,3,0,3,0,0,100.0
严厉,1,1,0,1,0,0,100.0
才能,1,0,1,0,1,0,100.0
休息,3,0,3,0,3,0,100.0
才知道,1,0,1,0,1,0,100.0
一路走好,3,0,3,0,3,0,100.0
不负,3,3,0,3,0,0,100.0
个例,1,0,1,0,1,0,100.0
绷不住,2,2,0,2,0,0,100.0
手写,1,0,1,0,1,0,100.0
不配,3,3,0,3,0,0,100.0
所求,1,0,1,0,1,0,100.0
拼搏,1,0,1,0,1,0,100.0
  ,3,0,3,0,3,0,100.0
这只,3,0,3,0,3,0,100.0
中午,1,1,0,1,0,0,100.0
中央,1,1,0,1,0,0,100.0
如何,3,1,2,0,1,1,100.0
中央人民广播电台,1,1,0,1,0,0,100.0
中学生,1,1,0,1,0,0,100.0
或许,1,1,0,1,0,0,100.0
焦虑,3,2,3,0,1,2,100.0
扩招扩招,1,1,0,1,0,0,100.0
七,3,0,3,0,3,0,100.0
七天,3,0,3,0,3,0,100.0
累,2,1,2,0,1,1,100.0
撼动,1,1,0,1,0,0,100.0
撕心裂肺,1,0,1,0,1,0,100.0
撒欢,1,0,1,0,1,0,100.0
就在,2,0,2,0,2,0,100.0
撑不下去,1,1,0,1,0,0,100.0
考试,2,2,0,2,0,0,100.0
一眼,2,0,2,0,2,0,100.0
一时,2,1,0,1,0,0,100.0
就能,2,0,2,0,2,0,100.0
撑一撑,1,1,0,1,0,0,100.0
摩诃般若波罗蜜,1,0,1,0,1,0,100.0
封,2,0,2,0,2,0,100.0
尽,2,0,2,0,2,0,100.0
小卖部,2,0,2,0,2,0,100.0
一篇,2,0,2,0,2,0,100.0
老弟,2,0,2,0,2,0,100.0
搞出来,1,1,0,1,0,0,100.0
精英,2,2,0,2,0,0,100.0
丢,1,0,1,0,1,0,100.0
经历过,2,0,1,0,1,0,100.0
两个月,1,1,0,1,0,0,100.0
两双,1,1,0,1,0,0,100.0
经历,2,2,0,2,0,0,100.0
聊聊天,2,0,2,0,2,0,100.0
终,2,2,1,1,0,1,100.0
扯,1,1,0,1,0,0,100.0
二,2,2,0,2,0,0,100.0
身上,2,0,2,0,2,0,100.0
身亡,2,2,0,2,0,0,100.0
跳楼,2,2,0,2,0,0,100.0
搬出去,2,2,0,2,0,0,100.0
掉入,1,0,1,0,1,0,100.0
换,1,1,0,1,0,0,100.0
教师,2,2,0,2,0,0,100.0
捡,1,1,0,1,0,0,100.0
世俗,2,2,1,1,0,1,100.0
清楚,2,1,0,1,0,0,100.0
收拾,2,0,2,0,2,0,100.0
捐款,1,0,1,0,1,0,100.0
灵魂,2,0,2,0,2,0,100.0
专硕,2,0,1,0,1,0,100.0
丢脸,1,1,0,1,0,0,100.0
不在乎,2,2,0,2,0,0,100.0
摆脱,2,1,0,1,0,0,100.0
搜,2,1,2,0,1,1,100.0
机器,2,0,2,0,2,0,100.0
挺远,1,0,1,0,1,0,100.0
推动,2,2,0,2,0,0,100.0
挺过来,1,1,0,1,0,0,100.0
专家,2,2,0,2,0,0,100.0
整个,2,2,0,2,0,0,100.0
两三岁,1,0,1,0,1,0,100.0
明白,2,0,2,0,2,0,100.0
没想过,2,2,0,2,0,0,100.0
明年,2,1,2,0,1,1,100.0
明,2,2,0,2,0,0,100.0
时期,2,2,1,1,0,1,100.0
挺大,1,1,0,1,0,0,100.0
跳下,2,2,0,2,0,0,100.0
是不是,2,0,2,0,2,0,100.0
次,2,1,2,0,1,1,100.0
无法,2,2,0,2,0,0,100.0
排练,1,0,1,0,1,0,100.0
交集,1,0,1,0,1,0,100.0
换来,1,0,1,0,1,0,100.0
每年,2,2,0,2,0,0,100.0
推开,1,0,1,0,1,0,100.0
控制,1,1,0,1,0,0,100.0
不要吃,2,0,2,0,2,0,100.0
求,2,0,2,0,2,0,100.0
接受程度,1,1,0,1,0,0,100.0
沉默,2,0,2,0,2,0,100.0
接住,1,0,1,0,1,0,100.0
接,1,0,1,0,1,0,100.0
是什么,2,0,2,0,2,0,100.0
此,2,1,2,0,1,1,100.0
极乐,2,0,2,0,2,0,100.0
掏腰包,1,1,0,1,0,0,100.0
排名第三,1,1,0,1,0,0,100.0
来生,2,0,2,0,2,0,100.0
树洞,2,0,2,0,2,0,100.0
条件,2,0,2,0,2,0,100.0
校区,2,0,2,0,2,0,100.0
校友,2,0,2,0,2,0,100.0
正在,2,2,0,2,0,0,100.0
校园,2,2,0,2,0,0,100.0
样子,2,0,2,0,2,0,100.0
不止一个,2,0,2,0,2,0,100.0
排到,1,0,1,0,1,0,100.0
掐着,1,1,0,1,0,0,100.0
本,2,2,1,1,0,1,100.0
早上,2,0,2,0,2,0,100.0
没有机会,2,0,2,0,2,0,100.0
不顺,2,2,0,2,0,0,100.0
改善,1,1,0,1,0,0,100.0
挺一挺,1,1,0,1,0,0,100.0
安息,2,0,2,0,2,0,100.0
一年,2,0,2,0,2,0,100.0
它们,2,0,2,0,2,0,100.0
舞团,2,0,2,0,2,0,100.0
什么事,2,2,0,2,0,0,100.0
姐妹,2,0,2,0,2,0,100.0
学院,2,1,2,0,1,1,100.0
学者,2,2,0,2,0,0,100.0
一声,2,0,2,0,2,0,100.0
花朵,2,2,0,2,0,0,100.0
学历,2,1,0,1,0,0,100.0
寥寥无几,1,0,1,0,1,0,100.0
一块钱,2,0,2,0,2,0,100.0
掷地有声,1,0,1,0,1,0,100.0
艰难,2,2,0,2,0,0,100.0
太累,2,0,2,0,2,0,100.0
太多,2,0,2,0,2,0,100.0
会不会,2,0,2,0,2,0,100.0
走好,2,0,2,0,2,0,100.0
在那里,2,0,2,0,2,0,100.0
教育部,1,1,0,1,0,0,100.0
赶紧,2,2,0,2,0,0,100.0
土豆叶,2,0,2,0,2,0,100.0
坠亡,2,2,0,2,0,0,100.0
越,2,0,2,0,2,0,100.0
困住,2,2,1,1,0,1,100.0
因,2,2,0,2,0,0,100.0
脆弱,2,0,2,0,2,0,100.0
提到,1,0,1,0,1,0,100.0
蛋,2,0,2,0,2,0,100.0
西安,2,0,2,0,2,0,100.0
方向,2,2,0,2,0,0,100.0
新的,2,0,1,0,1,0,100.0
不容易,2,2,0,2,0,0,100.0
文章,2,2,0,2,0,0,100.0
文献,2,0,2,0,2,0,100.0
掉泪,2,2,0,2,0,0,100.0
也好,2,0,2,0,2,0,100.0
万一,2,0,2,0,2,0,100.0
按照,1,1,0,1,0,0,100.0
他人,2,0,2,0,2,0,100.0
一块,2,0,2,0,2,0,100.0
一场,2,0,2,0,2,0,100.0
好累,2,0,2,0,2,0,100.0
警车,2,0,2,0,2,0,100.0
他妈的,2,0,2,0,2,0,100.0
指点,1,1,0,1,0,0,100.0
好吃,2,0,2,0,2,0,100.0
好多人,2,1,2,0,1,1,100.0
一句,2,2,1,1,0,1,100.0
一句话,2,2,0,2,0,0,100.0
要开心,2,0,2,0,2,0,100.0
如此,2,2,0,2,0,0,100.0
印象,1,1,0,1,0,0,100.0
西西可里无人区,2,2,0,2,0,0,100.0
好在,2,2,0,2,0,0,100.0
好多,2,2,0,2,0,0,100.0
好多次,2,0,2,0,2,0,100.0
猫咪,35,1,34,1,34,0,94.28571428571428
下辈子,25,2,24,1,23,1,91.66666666666666
昔书,32,3,29,2,28,1,86.66666666666667
小,25,2,23,2,23,0,84.0
同学,13,1,11,1,11,0,83.33333333333334
学生,23,20,2,20,2,0,81.81818181818183
你,354,50,316,32,298,18,80.60606060606061
叫,10,1,9,1,9,0,80.0
温柔,11,2,10,1,9,1,80.0
读研,15,12,4,9,1,3,80.0
一只,30,4,27,3,26,1,79.3103448275862
导师,20,17,2,17,2,0,78.94736842105263
善良,9,1,8,1,8,0,77.77777777777779
抑郁,9,8,1,8,1,0,77.77777777777779
有人,9,1,8,1,8,0,77.77777777777779
还有,8,1,7,1,7,0,75.0
只,10,2,8,1,7,1,75.0
开心,8,1,7,1,7,0,75.0
别,8,1,7,1,7,0,75.0
为了,8,1,7,1,7,0,75.0
微博,19,5,17,2,14,3,75.0
可爱,8,1,7,1,7,0,75.0
大工,8,2,7,1,6,1,71.42857142857143
咖,9,3,8,1,6,2,71.42857142857143
祝,7,1,6,1,6,0,71.42857142857143
一起,8,2,7,1,6,1,71.42857142857143
回来,7,1,6,1,6,0,71.42857142857143
猫,24,6,21,3,18,3,71.42857142857143
看看,7,1,6,1,6,0,71.42857142857143
离开,14,3,12,2,11,1,69.23076923076923
坚持,14,3,12,2,11,1,69.23076923076923
一定,26,5,22,4,21,1,68.0
学长,6,1,5,1,5,0,66.66666666666666
怎么,9,4,8,1,5,3,66.66666666666666
不行,6,5,1,5,1,0,66.66666666666666
才,6,1,5,1,5,0,66.66666666666666
如果,39,9,33,6,30,3,66.66666666666666
见,6,1,5,1,5,0,66.66666666666666
三年,6,5,1,5,1,0,66.66666666666666
不做,6,1,5,1,5,0,66.66666666666666
特别,6,1,5,1,5,0,66.66666666666666
一次,6,1,5,1,5,0,66.66666666666666
这条,12,10,3,9,2,1,63.63636363636363
活着,11,2,9,2,9,0,63.63636363636363
愿,16,3,13,3,13,0,62.5
看到,42,13,35,7,29,6,61.111111111111114
很大,5,4,1,4,1,0,60.0
天堂,5,1,4,1,4,0,60.0
写,11,3,9,2,8,1,60.0
有点,6,2,5,1,4,1,60.0
一种,5,1,4,1,4,0,60.0
不好,5,4,1,4,1,0,60.0
选择,10,2,8,2,8,0,60.0
事,5,1,4,1,4,0,60.0
师兄,5,1,4,1,4,0,60.0
大不了,7,3,6,1,4,2,60.0
辛苦,6,2,5,1,4,1,60.0
要是,5,1,4,1,4,0,60.0
该,7,3,6,1,4,2,60.0
曾经,6,5,2,4,1,1,60.0
那些,6,4,1,4,1,0,60.0
平安,6,1,4,1,4,0,60.0
顺利,5,1,4,1,4,0,60.0
出来,5,4,1,4,1,0,60.0
永远,6,5,2,4,1,1,60.0
文字,5,1,4,1,4,0,60.0
之前,6,4,1,4,1,0,60.0
大学,15,11,3,11,3,0,57.14285714285714
可以,25,7,20,5,18,2,56.52173913043478
哭,11,4,9,2,7,2,55.55555555555556
下去,9,2,7,2,7,0,55.55555555555556
感觉,9,7,2,7,2,0,55.55555555555556
今天,20,6,16,4,14,2,55.55555555555556
出,4,1,3,1,3,0,50.0
大连,4,1,3,1,3,0,50.0
吃饭,4,1,3,1,3,0,50.0
完成,4,3,1,3,1,0,50.0
非常,4,3,1,3,1,0,50.0
关注,4,3,1,3,1,0,50.0
陪,4,1,3,1,3,0,50.0
家长,4,1,3,1,3,0,50.0
每天,6,5,3,3,1,2,50.0
当时,4,3,1,3,1,0,50.0
不能,5,2,4,1,3,1,50.0
同样,4,1,3,1,3,0,50.0
小猫,4,1,3,1,3,0,50.0
差不多,4,1,3,1,3,0,50.0
一切,6,3,5,1,3,2,50.0
求求,4,1,3,1,3,0,50.0
问题,6,3,1,3,1,0,50.0
很好,5,2,4,1,3,1,50.0
昨天,5,2,4,1,3,1,50.0
花,4,1,3,1,3,0,50.0
不了,4,3,1,3,1,0,50.0
只有,5,2,4,1,3,1,50.0
教育,5,4,2,3,1,1,50.0
很想,4,3,1,3,1,0,50.0
所以,5,4,2,3,1,1,50.0
明明,4,1,3,1,3,0,50.0
为什么,5,2,4,1,3,1,50.0
世界,14,5,11,3,9,2,50.0
但是,21,9,17,4,12,5,50.0
完全,5,4,2,3,1,1,50.0
想不开,4,1,3,1,3,0,50.0
路过,5,2,4,1,3,1,50.0
发现,6,3,5,1,3,2,50.0
喜欢,6,3,5,1,3,2,50.0
自由,4,1,3,1,3,0,50.0
改变,4,3,1,3,1,0,50.0
论文,12,9,3,9,3,0,50.0
很多人,5,1,3,1,3,0,50.0
重点,4,3,1,3,1,0,50.0
买,4,1,3,1,3,0,50.0
后来,5,2,4,1,3,1,50.0
也曾,5,2,4,1,3,1,50.0
昨晚,4,1,3,1,3,0,50.0
读完,5,2,4,1,3,1,50.0
任何,4,1,3,1,3,0,50.0
不值得,4,1,3,1,3,0,50.0
“,13,4,10,3,9,1,50.0
”,13,4,10,3,9,1,50.0
感到,4,3,1,3,1,0,50.0
一个,34,10,25,8,23,2,48.38709677419355
就好,15,11,4,11,4,0,46.666666666666664
事情,13,10,5,8,3,2,45.45454545454545
点,14,3,8,3,8,0,45.45454545454545
知道,17,7,12,3,8,4,45.45454545454545
为,16,7,12,3,8,4,45.45454545454545
评论,19,13,5,13,5,0,44.44444444444444
学,7,5,2,5,2,0,42.857142857142854
的人,7,2,5,2,5,0,42.857142857142854
实验室,7,2,5,2,5,0,42.857142857142854
用,9,3,6,2,5,1,42.857142857142854
可是,7,5,2,5,2,0,42.857142857142854
变成,8,2,5,2,5,0,42.857142857142854
理解,11,9,6,5,2,4,42.857142857142854
幸福,8,3,6,2,5,1,42.857142857142854
以后,8,2,5,2,5,0,42.857142857142854
想要,8,3,6,2,5,1,42.857142857142854
一样,7,2,5,2,5,0,42.857142857142854
考研,10,5,8,2,5,3,42.857142857142854
虽然,11,4,8,3,7,1,40.0
你们,12,4,8,3,7,1,40.0
我们,68,27,50,18,41,9,38.983050847457626
走,16,6,11,4,9,2,38.46153846153847
再,14,5,10,4,9,1,38.46153846153847
多,18,7,13,5,11,2,37.5
找到,5,3,2,2,1,1,33.33333333333333
放弃,5,3,4,1,2,2,33.33333333333333
不过,4,2,3,1,2,1,33.33333333333333
或者,5,1,2,1,2,0,33.33333333333333
成功,5,3,4,1,2,2,33.33333333333333
晚上,4,3,2,2,1,1,33.33333333333333
发,6,2,4,2,4,0,33.33333333333333
周围,6,2,4,2,4,0,33.33333333333333
简单,3,2,1,2,1,0,33.33333333333333
错误,3,2,1,2,1,0,33.33333333333333
告别,3,1,2,1,2,0,33.33333333333333
喂,3,1,2,1,2,0,33.33333333333333
疼,3,1,2,1,2,0,33.33333333333333
意义,5,3,2,2,1,1,33.33333333333333
认真,6,4,2,4,2,0,33.33333333333333
想说,4,2,1,2,1,0,33.33333333333333
陌生人,3,1,2,1,2,0,33.33333333333333
应该,6,4,2,4,2,0,33.33333333333333
路,4,2,3,1,2,1,33.33333333333333
肯定,6,2,4,2,4,0,33.33333333333333
女生,4,3,2,2,1,1,33.33333333333333
与,5,4,3,2,1,2,33.33333333333333
咱,4,3,2,2,1,1,33.33333333333333
祖国,6,2,4,2,4,0,33.33333333333333
地方,5,4,3,2,1,2,33.33333333333333
数据,6,2,4,2,4,0,33.33333333333333
中,6,2,4,2,4,0,33.33333333333333
晒太阳,6,2,4,2,4,0,33.33333333333333
更多,4,3,2,2,1,1,33.33333333333333
家里,4,2,3,1,2,1,33.33333333333333
替,4,3,2,2,1,1,33.33333333333333
研究,6,4,2,4,2,0,33.33333333333333
之后,5,2,3,1,2,1,33.33333333333333
呗,3,2,1,2,1,0,33.33333333333333
不敢相信,3,1,2,1,2,0,33.33333333333333
仿佛,3,1,2,1,2,0,33.33333333333333
允许,3,1,2,1,2,0,33.33333333333333
也有,3,1,2,1,2,0,33.33333333333333
好想,3,1,2,1,2,0,33.33333333333333
熬,3,2,1,2,1,0,33.33333333333333
想到,3,1,2,1,2,0,33.33333333333333
学术,3,1,2,1,2,0,33.33333333333333
逃避,3,2,1,2,1,0,33.33333333333333
有些,3,2,1,2,1,0,33.33333333333333
宁愿,3,1,2,1,2,0,33.33333333333333
好好的,3,2,1,2,1,0,33.33333333333333
惋惜,3,1,2,1,2,0,33.33333333333333
那个,3,2,1,2,1,0,33.33333333333333
经历了,3,2,1,2,1,0,33.33333333333333
备考,3,1,2,1,2,0,33.33333333333333
下来,3,2,1,2,1,0,33.33333333333333
以为,3,2,1,2,1,0,33.33333333333333
大部分,3,1,2,1,2,0,33.33333333333333
做出,3,1,2,1,2,0,33.33333333333333
希望,62,25,42,17,34,8,33.33333333333333
毕业,35,23,12,22,11,1,33.33333333333333
得,19,7,13,6,12,1,33.33333333333333
他们,15,5,9,4,8,1,33.33333333333333
不要,12,4,8,4,8,0,33.33333333333333
一下,12,4,8,4,8,0,33.33333333333333
那么,11,5,8,3,6,2,33.33333333333333
比,10,4,7,3,6,1,33.33333333333333
工作,10,7,5,4,2,3,33.33333333333333
这里,9,3,6,3,6,0,33.33333333333333
生命,9,6,3,6,3,0,33.33333333333333
一定要,9,3,6,3,6,0,33.33333333333333
哥哥,3,1,2,1,2,0,33.33333333333333
倾诉,3,1,2,1,2,0,33.33333333333333
不同,3,2,1,2,1,0,33.33333333333333
珍惜,3,2,1,2,1,0,33.33333333333333
没能,3,1,2,1,2,0,33.33333333333333
没什么,7,3,5,2,4,1,33.33333333333333
刚,3,2,1,2,1,0,33.33333333333333
挺好,3,2,1,2,1,0,33.33333333333333
穿,3,1,2,1,2,0,33.33333333333333
救,3,1,2,1,2,0,33.33333333333333
硕士,3,2,1,2,1,0,33.33333333333333
决定,3,1,2,1,2,0,33.33333333333333
长大,3,2,1,2,1,0,33.33333333333333
高兴,3,1,2,1,2,0,33.33333333333333
靠,3,2,1,2,1,0,33.33333333333333
刷到,3,1,2,1,2,0,33.33333333333333
恨,3,1,2,1,2,0,33.33333333333333
喝,3,1,2,1,2,0,33.33333333333333
骄傲,3,2,1,2,1,0,33.33333333333333
后,3,1,2,1,2,0,33.33333333333333
期待,3,2,1,2,1,0,33.33333333333333
裤子,3,1,2,1,2,0,33.33333333333333
研三,3,2,1,2,1,0,33.33333333333333
只要,3,2,1,2,1,0,33.33333333333333
死,3,2,1,2,1,0,33.33333333333333
者,3,1,2,1,2,0,33.33333333333333
每次,3,2,1,2,1,0,33.33333333333333
年纪,3,1,2,1,2,0,33.33333333333333
死了,3,1,2,1,2,0,33.33333333333333
无论,3,1,2,1,2,0,33.33333333333333
有趣,3,1,2,1,2,0,33.33333333333333
越来越,3,2,1,2,1,0,33.33333333333333
责任,3,2,1,2,1,0,33.33333333333333
而是,3,2,1,2,1,0,33.33333333333333
手机,3,1,2,1,2,0,33.33333333333333
寄,3,2,1,2,1,0,33.33333333333333
总,3,2,1,2,1,0,33.33333333333333
聊天,3,2,1,2,1,0,33.33333333333333
老师,16,11,7,9,5,2,28.57142857142857
把,21,13,9,9,5,4,28.57142857142857
觉得,14,8,5,7,4,1,27.27272727272727
记得,11,4,7,4,7,0,27.27272727272727
地,11,4,7,4,7,0,27.27272727272727
时候,39,16,25,13,22,3,25.71428571428571
人,55,21,34,19,32,2,25.49019607843137
实验,10,5,7,3,5,2,25.0
好好,8,3,5,3,5,0,25.0
上,18,8,12,6,10,2,25.0
所有,10,3,5,3,5,0,25.0
还在,18,8,12,6,10,2,25.0
找,10,5,7,3,5,2,25.0
科研,12,6,4,5,3,1,25.0
成为,13,5,8,5,8,0,23.076923076923077
因为,14,6,9,5,8,1,23.076923076923077
这个,17,11,8,8,5,3,23.076923076923077
她,18,11,7,11,7,0,22.22222222222222
他,41,19,26,13,20,6,21.21212121212121
完,5,2,3,2,3,0,20.0
面对,5,3,2,3,2,0,20.0
打,5,3,2,3,2,0,20.0
孩子,21,13,9,12,8,1,20.0
大连理工,6,4,3,3,2,1,20.0
现在,34,22,16,18,12,4,20.0
啥,6,3,4,2,3,1,20.0
考上,11,7,5,6,4,1,20.0
最近,6,4,3,3,2,1,20.0
看完,6,3,4,2,3,1,20.0
公务员,5,3,2,3,2,0,20.0
终于,5,2,3,2,3,0,20.0
然后,5,2,3,2,3,0,20.0
有时候,5,2,3,2,3,0,20.0
难受,5,3,2,3,2,0,20.0
里,17,11,8,9,6,2,20.0
今年,6,3,4,2,3,1,20.0
社会,6,3,2,3,2,0,20.0
任何人,5,3,2,3,2,0,20.0
感同身受,11,5,7,4,6,1,20.0
重要,5,3,2,3,2,0,20.0
还能,5,3,2,3,2,0,20.0
什么,16,7,10,6,9,1,20.0
这么,16,7,10,6,9,1,20.0
这样,6,4,3,3,2,1,20.0
退学,6,4,3,3,2,1,20.0
研究生,31,18,13,16,11,2,18.51851851851852
已经,25,11,15,9,13,2,18.181818181818183
一点,17,10,7,10,7,0,17.647058823529413
很多,17,7,10,7,10,0,17.647058823529413
我,334,160,210,123,173,37,16.89189189189189
绝望,13,5,7,5,7,0,16.666666666666664
快乐,27,12,16,10,14,2,16.666666666666664
学校,13,6,8,5,7,1,16.666666666666664
不是,14,7,9,5,7,2,16.666666666666664
想,26,11,15,10,14,1,16.666666666666664
真的,49,24,31,18,25,6,16.27906976744186
国家,7,3,4,3,4,0,14.285714285714285
父母,7,3,4,3,4,0,14.285714285714285
楼,7,3,4,3,4,0,14.285714285714285
也许,7,3,4,3,4,0,14.285714285714285
博士,7,4,3,4,3,0,14.285714285714285
眼泪,8,4,5,3,4,1,14.285714285714285
不会,10,5,6,3,4,2,14.285714285714285
朋友,22,9,12,9,12,0,14.285714285714285
其实,10,5,4,4,3,1,14.285714285714285
读,9,4,5,3,4,1,14.285714285714285
大,7,4,3,4,3,0,14.285714285714285
痛苦,8,4,5,3,4,1,14.285714285714285
好,28,14,17,10,13,4,13.043478260869565
没有,29,14,17,10,13,4,13.043478260869565
就是,20,11,13,7,9,4,12.5
一,10,5,6,4,5,1,11.11111111111111
延毕,12,7,8,4,5,3,11.11111111111111
压力,18,8,10,8,10,0,11.11111111111111
连,9,4,5,4,5,0,11.11111111111111
更,9,5,4,5,4,0,11.11111111111111
别人,10,4,5,4,5,0,11.11111111111111
说,42,20,24,16,20,4,11.11111111111111
而,9,5,4,5,4,0,11.11111111111111
人生,13,7,6,6,5,1,9.090909090909092
努力,11,6,5,6,5,0,9.090909090909092
不知道,16,10,11,5,6,5,9.090909090909092
都是,16,7,8,6,7,1,7.6923076923076925
生活,18,10,9,8,7,2,6.666666666666667
当,16,7,8,7,8,0,6.666666666666667
考,21,12,13,7,8,5,6.666666666666667
还是,18,10,9,9,8,1,5.88235294117647
难过,21,12,11,10,9,2,5.263157894736842
一直,25,15,14,11,10,4,4.761904761904762
慢慢,2,1,1,1,1,0,0.0
感受,2,1,1,1,1,0,0.0
熬出来,2,1,1,1,1,0,0.0
熬过,2,1,1,1,1,0,0.0
不管,2,1,1,1,1,0,0.0
需要,6,2,2,2,2,0,0.0
有一天,2,1,1,1,1,0,0.0
有用,2,1,1,1,1,0,0.0
最后,12,7,7,5,5,2,0.0
世上,2,1,1,1,1,0,0.0
没关系,2,1,1,1,1,0,0.0
春天,2,1,1,1,1,0,0.0
朝,2,1,1,1,1,0,0.0
可能,12,7,7,5,5,2,0.0
最,12,6,6,5,5,1,0.0
本科,2,1,1,1,1,0,0.0
告诉,12,7,7,5,5,2,0.0
本科生,2,1,1,1,1,0,0.0
来看,2,1,1,1,1,0,0.0
止不住,2,1,1,1,1,0,0.0
不敢,2,1,1,1,1,0,0.0
是否,2,1,1,1,1,0,0.0
普通人,2,1,1,1,1,0,0.0
最后一句,2,1,1,1,1,0,0.0
最坏,2,1,1,1,1,0,0.0
睡觉,2,1,1,1,1,0,0.0
环境,2,1,1,1,1,0,0.0
硕博,2,1,1,1,1,0,0.0
内,2,1,1,1,1,0,0.0
(,2,1,1,1,1,0,0.0
顺便,2,1,1,1,1,0,0.0
停,2,1,1,1,1,0,0.0
这位,2,1,1,1,1,0,0.0
运气,2,1,1,1,1,0,0.0
及时,2,1,1,1,1,0,0.0
错,2,1,1,1,1,0,0.0
取名,2,1,1,1,1,0,0.0
2020年,2,1,1,1,1,0,0.0
遇上,2,1,1,1,1,0,0.0
医生,2,1,1,1,1,0,0.0
变好,2,1,1,1,1,0,0.0
受欺负,2,1,1,1,1,0,0.0
这类,2,1,1,1,1,0,0.0
体会到,2,1,1,1,1,0,0.0
体会,2,1,1,1,1,0,0.0
自己,76,45,45,30,30,15,0.0
命,2,1,1,1,1,0,0.0
大家,21,11,11,10,10,1,0.0
祈祷,2,1,1,1,1,0,0.0
哎,2,1,1,1,1,0,0.0
乐观,2,1,1,1,1,0,0.0
快要,2,1,1,1,1,0,0.0
念,2,1,1,1,1,0,0.0
研,2,1,1,1,1,0,0.0
懒洋洋,2,1,1,1,1,0,0.0
拿着,2,1,1,1,1,0,0.0
收到,2,1,1,1,1,0,0.0
掉,2,1,1,1,1,0,0.0
掉下,2,1,1,1,1,0,0.0
现状,2,1,1,1,1,0,0.0
男孩,2,1,1,1,1,0,0.0
下次,2,1,1,1,1,0,0.0
才会,2,1,1,1,1,0,0.0
下面,2,1,1,1,1,0,0.0
同时,2,1,1,1,1,0,0.0
同,2,1,1,1,1,0,0.0
隔壁,2,1,1,1,1,0,0.0
也是,12,6,6,6,6,0,0.0
姐姐,2,1,1,1,1,0,0.0
撑,2,1,1,1,1,0,0.0
偷偷,3,2,2,1,1,1,0.0
作为,4,2,2,2,2,0,0.0
阳光,4,2,2,2,2,0,0.0
电话,4,3,3,1,1,2,0.0
一天,4,2,2,2,2,0,0.0
也不是,4,2,2,2,2,0,0.0
心里,4,2,2,2,2,0,0.0
所有人,4,3,3,1,1,2,0.0
明天,4,2,2,2,2,0,0.0
且,4,2,2,2,2,0,0.0
中国,4,2,2,1,1,1,0.0
算,3,1,1,1,1,0,0.0
长久,3,2,2,1,1,1,0.0
自杀,7,3,3,2,2,1,0.0
无,3,1,1,1,1,0,0.0
只能,3,2,2,1,1,1,0.0
那么多,3,1,1,1,1,0,0.0
太难,3,2,2,1,1,1,0.0
未来,3,2,2,1,1,1,0.0
存在,3,2,2,1,1,1,0.0
这种,6,3,3,3,3,0,0.0
加油,4,2,2,2,2,0,0.0
像,4,2,2,2,2,0,0.0
全部,2,1,1,1,1,0,0.0
回家,6,3,3,3,3,0,0.0
路上,5,3,3,2,2,1,0.0
谁,5,3,3,2,2,1,0.0
妈妈,5,3,3,2,2,1,0.0
也不,5,3,3,2,2,1,0.0
心理,5,3,3,2,2,1,0.0
还要,5,3,3,2,2,1,0.0
一个人,6,4,4,2,2,2,0.0
生,5,3,3,2,2,1,0.0
活下去,4,2,2,2,2,0,0.0
爱,4,2,2,2,2,0,0.0
以,4,2,2,2,2,0,0.0
逼,4,2,2,1,1,1,0.0
女,4,2,2,2,2,0,0.0
这些,4,2,2,2,2,0,0.0
消息,4,3,3,1,1,2,0.0
过去,4,2,2,2,2,0,0.0
活,4,3,3,1,1,2,0.0
想着,3,1,1,1,1,0,0.0
下,3,1,1,1,1,0,0.0
烦恼,2,1,1,1,1,0,0.0
一生,3,2,2,1,1,1,0.0
能看到,2,1,1,1,1,0,0.0
外面,2,1,1,1,1,0,0.0
说过,2,1,1,1,1,0,0.0
说出,2,1,1,1,1,0,0.0
说不上来,2,1,1,1,1,0,0.0
天桥,2,1,1,1,1,0,0.0
一切都好,2,1,1,1,1,0,0.0
real,2,1,1,1,1,0,0.0
在这里,2,1,1,1,1,0,0.0
苦苦,2,1,1,1,1,0,0.0
学会,2,1,1,1,1,0,0.0
人们,2,1,1,1,1,0,0.0
只是,6,4,4,2,2,2,0.0
西山,2,1,1,1,1,0,0.0
舒舒服服,2,1,1,1,1,0,0.0
丑,2,1,1,1,1,0,0.0
时代,2,1,1,1,1,0,0.0
流浪猫,2,1,1,1,1,0,0.0
摸摸,2,1,1,1,1,0,0.0
些,2,1,1,1,1,0,0.0
了不起,2,1,1,1,1,0,0.0
庆幸,2,1,1,1,1,0,0.0
罪,2,1,1,1,1,0,0.0
请,8,3,3,3,3,0,0.0
帖子,2,1,1,1,1,0,0.0
家人,2,1,1,1,1,0,0.0
享受,2,1,1,1,1,0,0.0
容易,2,1,1,1,1,0,0.0
背后,2,1,1,1,1,0,0.0
就要,2,1,1,1,1,0,0.0
将,2,1,1,1,1,0,0.0
考虑,2,1,1,1,1,0,0.0
精神,2,1,1,1,1,0,0.0
群,2,1,1,1,1,0,0.0
专业,8,5,5,3,3,2,0.0
一点点,2,1,1,1,1,0,0.0
笑,2,1,1,1,1,0,0.0
窒息,2,1,1,1,1,0,0.0
究生,2,1,1,1,1,0,0.0
很累,2,1,1,1,1,0,0.0
开朗,2,1,1,1,1,0,0.0
 ,0,0,0,6,6,4,0.0
平庸,5,5,5,0,0,5,
图片评论,3,0,0,0,0,0,
描述,3,1,1,0,0,1,
教,3,3,3,0,0,3,
面临,3,2,2,0,0,2,
对着,3,2,2,0,0,2,
事儿,2,2,2,0,0,2,
积,2,0,0,0,0,0,
并不,2,0,0,0,0,0,
并且,2,1,1,0,0,1,
建立,2,0,0,0,0,0,
坎儿,2,2,2,0,0,2,
失败,2,2,2,0,0,2,
时,2,1,1,0,0,1,
接受,2,2,2,0,0,2,
各位,2,0,0,0,0,0,
反正,2,2,2,0,0,2,
卓越,2,2,2,0,0,2,
闲暇时间,1,0,0,0,0,0,
症,1,1,1,0,0,1,
闹铃,1,1,1,0,0,1,
玩物丧志,1,1,1,0,0,1,
疯狂,1,1,1,0,0,1,
白大褂,1,1,1,0,0,1,
珍重,1,1,1,0,0,1,
长大后,1,1,1,0,0,1,
概率,1,1,1,0,0,1,
正常,1,0,0,0,0,0,
闭嘴,1,0,0,0,0,0,
1次,1,0,0,0,0,0,
歌,1,1,1,0,0,1,
不停,1,1,1,0,0,1,
阶级,1,0,0,0,0,0,
由衷,1,1,1,0,0,1,
矫情,1,0,0,0,0,0,
知觉,1,1,1,0,0,1,
矛盾,1,0,0,0,0,0,
瞅着,1,1,1,0,0,1,
眼睁睁,1,1,1,0,0,1,
短信,1,1,1,0,0,1,
重郁症,1,1,1,0,0,1,
破,1,1,1,0,0,1,
三战,1,1,1,0,0,1,
鼻子一酸,1,1,1,0,0,1,
真的不知道,1,1,1,0,0,1,
相似,1,1,1,0,0,1,
猫舍,1,1,1,0,0,1,
真好,1,1,1,0,0,1,
上层,1,0,0,0,0,0,
看客,1,0,0,0,0,0,
看哭,1,1,1,0,0,1,
治疗,1,1,1,0,0,1,
面试,1,1,1,0,0,1,
每个,1,0,0,0,0,0,
韧性,1,0,0,0,0,0,
风凉话,1,0,0,0,0,0,
不得不,1,0,0,0,0,0,
马哲,1,0,0,0,0,0,
没了,1,1,1,0,0,1,
沟通,1,0,0,0,0,0,
毫不留情,1,1,1,0,0,1,
不忍心,1,1,1,0,0,1,
骆驼,1,1,1,0,0,1,
没有错,1,1,1,0,0,1,
毕竟,1,1,1,0,0,1,
面对现实,1,0,0,0,0,0,
不只,1,1,1,0,0,1,
难道,1,1,1,0,0,1,
不凡,1,1,1,0,0,1,
特别难,1,1,1,0,0,1,
鬼,1,0,0,0,0,0,
碰到,1,1,1,0,0,1,
面具,1,1,1,0,0,1,
10分,1,1,1,0,0,1,
焦头烂额,1,1,1,0,0,1,
面,1,0,0,0,0,0,
一句我,1,1,1,0,0,1,
这些事,1,1,1,0,0,1,
一份,1,0,0,0,0,0,
试问,1,0,0,0,0,0,
证据,1,0,0,0,0,0,
这一条,1,1,1,0,0,1,
许,1,1,1,0,0,1,
讲真的,1,1,1,0,0,1,
一切顺利,1,1,1,0,0,1,
b,1,1,1,0,0,1,
语料,1,1,1,0,0,1,
荒郊野外,1,1,1,0,0,1,
艰难险阻,1,1,1,0,0,1,
获得,1,0,0,0,0,0,
菜鸟,1,0,0,0,0,0,
\,1,0,0,0,0,0,
蓝牙,1,1,1,0,0,1,
这一句,1,1,1,0,0,1,
跑到,1,1,1,0,0,1,
tm,1,1,1,0,0,1,
起,1,1,1,0,0,1,
跑去,1,0,0,0,0,0,
轮到,1,1,1,0,0,1,
followup,1,0,0,0,0,0,
舒适,1,1,1,0,0,1,
遭罪,1,1,1,0,0,1,
遵医嘱,1,1,1,0,0,1,
第二名,1,1,1,0,0,1,
第一个,1,1,1,0,0,1,
简历,1,1,1,0,0,1,
笔试,1,1,1,0,0,1,
系统,1,1,1,0,0,1,
糟,1,1,1,0,0,1,
精神病,1,1,1,0,0,1,
精神卫生学,1,1,1,0,0,1,
第n,1,0,0,0,0,0,
离家出走,1,1,1,0,0,1,
5年前,1,1,1,0,0,1,
称作,1,1,1,0,0,1,
笑容,1,0,0,0,0,0,
那时,1,1,1,0,0,1,
突然想起,1,1,1,0,0,1,
穿着,1,1,1,0,0,1,
7年间,1,1,1,0,0,1,
稻草,1,1,1,0,0,1,
职场,1,0,0,0,0,0,
连着,1,1,1,0,0,1,
自我怀疑,1,1,1,0,0,1,
一根,1,1,1,0,0,1,
综合,1,1,1,0,0,1,
维持,1,1,1,0,0,1,
一窝蜂,1,0,0,0,0,0,
选题,1,1,1,0,0,1,
老板,1,0,0,0,0,0,
羡慕,1,1,1,0,0,1,
适合,1,0,0,0,0,0,
某些,1,0,0,0,0,0,
复发,1,1,1,0,0,1,
处处,1,1,1,0,0,1,
处境,1,1,1,0,0,1,
处,1,1,1,0,0,1,
填完,1,1,1,0,0,1,
会议,1,0,0,0,0,0,
会话,1,0,0,0,0,0,
大展拳脚,1,1,1,0,0,1,
嘴德,1,0,0,0,0,0,
体检,1,1,1,0,0,1,
伴侣,1,1,1,0,0,1,
图书馆,1,1,1,0,0,1,
什么东西,1,0,0,0,0,0,
学硕,1,0,0,0,0,0,
什么样,1,1,1,0,0,1,
孤独,1,1,1,0,0,1,
产生,1,1,1,0,0,1,
害怕,1,1,1,0,0,1,
定了,1,1,1,0,0,1,
奢望,1,1,1,0,0,1,
以来,1,1,1,0,0,1,
妈,1,1,1,0,0,1,
妄,1,0,0,0,0,0,
如今,1,1,1,0,0,1,
好过,1,0,0,0,0,0,
好转,1,1,1,0,0,1,
好起来,1,1,1,0,0,1,
他杀,1,0,0,0,0,0,
好久,1,1,1,0,0,1,
前男友,1,1,1,0,0,1,
前方,1,1,1,0,0,1,
分清,1,0,0,0,0,0,
分析,1,1,1,0,0,1,
博,1,1,1,0,0,1,
单纯,1,1,1,0,0,1,
千万不要,1,1,1,0,0,1,
加倍,1,1,1,0,0,1,
化学,1,1,1,0,0,1,
匆忙,1,1,1,0,0,1,
分为,1,0,0,0,0,0,
兴趣爱好,1,1,1,0,0,1,
像是,1,0,0,0,0,0,
公考编,1,0,0,0,0,0,
党,1,1,1,0,0,1,
免,1,0,0,0,0,0,
充满热情,1,1,1,0,0,1,
出事,1,1,1,0,0,1,
冻,1,1,1,0,0,1,
冰天雪地,1,1,1,0,0,1,
冤有头债有主,1,0,0,0,0,0,
吝啬者,1,0,0,0,0,0,
向前走,1,1,1,0,0,1,
后天,1,1,1,0,0,1,
合拍,1,1,1,0,0,1,
各自安好,1,1,1,0,0,1,
吃药,1,1,1,0,0,1,
哪位,1,0,0,0,0,0,
何必,1,0,0,0,0,0,
哥们儿,1,1,1,0,0,1,
哒,1,1,1,0,0,1,
响,1,1,1,0,0,1,
咱妈,1,1,1,0,0,1,
周期性,1,0,0,0,0,0,
反反复复,1,1,1,0,0,1,
双向,1,1,1,0,0,1,
友友们,1,0,0,0,0,0,
又有多少,1,0,0,0,0,0,
原地,1,1,1,0,0,1,
厚望,1,1,1,0,0,1,
压死,1,1,1,0,0,1,
却是,1,0,0,0,0,0,
保重,1,1,1,0,0,1,
修复,1,1,1,0,0,1,
只不过,1,0,0,0,0,0,
口德,1,0,0,0,0,0,
变得,1,1,1,0,0,1,
寄予,1,1,1,0,0,1,
寝室,1,1,1,0,0,1,
推免,1,1,1,0,0,1,
捷径,1,1,1,0,0,1,
丢人,1,1,1,0,0,1,
挺近,1,1,1,0,0,1,
挺过,1,1,1,0,0,1,
指指点点,1,0,0,0,0,0,
教师编,1,1,1,0,0,1,
摧毁,1,1,1,0,0,1,
拿出,1,1,1,0,0,1,
所谓,1,1,1,0,0,1,
打预防针,1,1,1,0,0,1,
两类,1,0,0,0,0,0,
战斗,1,1,1,0,0,1,
中度,1,1,1,0,0,1,
承受,1,1,1,0,0,1,
担心,1,1,1,0,0,1,
折磨,1,1,1,0,0,1,
抑郁症,1,1,1,0,0,1,
技术,1,0,0,0,0,0,
敲定,1,1,1,0,0,1,
有效,1,0,0,0,0,0,
有利可图,1,0,0,0,0,0,
最短,1,0,0,0,0,0,
不求上进,1,1,1,0,0,1,
服药,1,1,1,0,0,1,
更有,1,0,0,0,0,0,
整整,1,1,1,0,0,1,
无限,1,1,1,0,0,1,
不错,1,0,0,0,0,0,
斗争,1,1,1,0,0,1,
我姐,1,1,1,0,0,1,
常驻,1,0,0,0,0,0,
帮助,1,0,0,0,0,0,
带给,1,1,1,0,0,1,
康复,1,1,1,0,0,1,
了  ,1,1,1,0,0,1,
开放,1,1,1,0,0,1,
就业,1,0,0,0,0,0,
小奶猫,1,1,1,0,0,1,
对于,1,0,0,0,0,0,
就会,1,1,1,0,0,1,
二战,1,1,1,0,0,1,
尸体,1,0,0,0,0,0,
待,1,1,1,0,0,1,
想法,1,1,1,0,0,1,
想想,1,0,0,0,0,0,
举手之劳,1,0,0,0,0,0,
意向,1,1,1,0,0,1,
中秋,1,0,0,0,0,0,
临床医学,1,1,1,0,0,1,
憨,1,0,0,0,0,0,
为谁,1,1,1,0,0,1,
感兴趣,1,0,0,0,0,0,
意志,1,1,1,0,0,1,
心境,1,1,1,0,0,1,
得知,1,1,1,0,0,1,
怡然自乐,1,1,1,0,0,1,
很小,1,1,1,0,0,1,
怎么样希望,1,0,0,0,0,0,
情感障碍,1,1,1,0,0,1,
